"run_order","package","module","section","table","group","name","file","units","description","optional","key"
1,"VESimHouseholds","CreateHouseholds","Inp","Azone","Year","Age0to14","azone_hh_pop_by_age.csv","PRSN","Household (non-group quarters) population in 0 to 14 year old age group",FALSE,"Year::Azone::Age0to14"
1,"VESimHouseholds","CreateHouseholds","Inp","Azone","Year","Age15to19","azone_hh_pop_by_age.csv","PRSN","Household (non-group quarters) population in 15 to 19 year old age group",FALSE,"Year::Azone::Age15to19"
1,"VESimHouseholds","CreateHouseholds","Inp","Azone","Year","Age20to29","azone_hh_pop_by_age.csv","PRSN","Household (non-group quarters) population in 20 to 29 year old age group",FALSE,"Year::Azone::Age20to29"
1,"VESimHouseholds","CreateHouseholds","Inp","Azone","Year","Age30to54","azone_hh_pop_by_age.csv","PRSN","Household (non-group quarters) population in 30 to 54 year old age group",FALSE,"Year::Azone::Age30to54"
1,"VESimHouseholds","CreateHouseholds","Inp","Azone","Year","Age55to64","azone_hh_pop_by_age.csv","PRSN","Household (non-group quarters) population in 55 to 64 year old age group",FALSE,"Year::Azone::Age55to64"
1,"VESimHouseholds","CreateHouseholds","Inp","Azone","Year","Age65Plus","azone_hh_pop_by_age.csv","PRSN","Household (non-group quarters) population in 65 or older age group",FALSE,"Year::Azone::Age65Plus"
1,"VESimHouseholds","CreateHouseholds","Inp","Azone","Year","AveHhSize","azone_hhsize_targets.csv","PRSN/HH","Average household size of households (non-group quarters)",FALSE,"Year::Azone::AveHhSize"
1,"VESimHouseholds","CreateHouseholds","Inp","Azone","Year","Prop1PerHh","azone_hhsize_targets.csv","proportion of households","Proportion of households (non-group quarters) having only one person",FALSE,"Year::Azone::Prop1PerHh"
1,"VESimHouseholds","CreateHouseholds","Inp","Azone","Year","GrpAge0to14","azone_gq_pop_by_age.csv","PRSN","Group quarters population in 0 to 14 year old age group",FALSE,"Year::Azone::GrpAge0to14"
1,"VESimHouseholds","CreateHouseholds","Inp","Azone","Year","GrpAge15to19","azone_gq_pop_by_age.csv","PRSN","Group quarters population in 15 to 19 year old age group",FALSE,"Year::Azone::GrpAge15to19"
1,"VESimHouseholds","CreateHouseholds","Inp","Azone","Year","GrpAge20to29","azone_gq_pop_by_age.csv","PRSN","Group quarters population in 20 to 29 year old age group",FALSE,"Year::Azone::GrpAge20to29"
1,"VESimHouseholds","CreateHouseholds","Inp","Azone","Year","GrpAge30to54","azone_gq_pop_by_age.csv","PRSN","Group quarters population in 30 to 54 year old age group",FALSE,"Year::Azone::GrpAge30to54"
1,"VESimHouseholds","CreateHouseholds","Inp","Azone","Year","GrpAge55to64","azone_gq_pop_by_age.csv","PRSN","Group quarters population in 55 to 64 year old age group",FALSE,"Year::Azone::GrpAge55to64"
1,"VESimHouseholds","CreateHouseholds","Inp","Azone","Year","GrpAge65Plus","azone_gq_pop_by_age.csv","PRSN","Group quarters population in 65 or older age group",FALSE,"Year::Azone::GrpAge65Plus"
1,"VESimHouseholds","CreateHouseholds","Get","Azone","Year","Azone","","ID","",FALSE,"Year::Azone::Azone"
1,"VESimHouseholds","CreateHouseholds","Get","Azone","Year","Marea","","ID","",FALSE,"Year::Azone::Marea"
1,"VESimHouseholds","CreateHouseholds","Get","Azone","Year","Age0to14","","PRSN","",FALSE,"Year::Azone::Age0to14"
1,"VESimHouseholds","CreateHouseholds","Get","Azone","Year","Age15to19","","PRSN","",FALSE,"Year::Azone::Age15to19"
1,"VESimHouseholds","CreateHouseholds","Get","Azone","Year","Age20to29","","PRSN","",FALSE,"Year::Azone::Age20to29"
1,"VESimHouseholds","CreateHouseholds","Get","Azone","Year","Age30to54","","PRSN","",FALSE,"Year::Azone::Age30to54"
1,"VESimHouseholds","CreateHouseholds","Get","Azone","Year","Age55to64","","PRSN","",FALSE,"Year::Azone::Age55to64"
1,"VESimHouseholds","CreateHouseholds","Get","Azone","Year","Age65Plus","","PRSN","",FALSE,"Year::Azone::Age65Plus"
1,"VESimHouseholds","CreateHouseholds","Get","Azone","Year","AveHhSize","","PRSN/HH","",FALSE,"Year::Azone::AveHhSize"
1,"VESimHouseholds","CreateHouseholds","Get","Azone","Year","Prop1PerHh","","proportion of households","",FALSE,"Year::Azone::Prop1PerHh"
1,"VESimHouseholds","CreateHouseholds","Get","Azone","Year","GrpAge0to14","","PRSN","",FALSE,"Year::Azone::GrpAge0to14"
1,"VESimHouseholds","CreateHouseholds","Get","Azone","Year","GrpAge15to19","","PRSN","",FALSE,"Year::Azone::GrpAge15to19"
1,"VESimHouseholds","CreateHouseholds","Get","Azone","Year","GrpAge20to29","","PRSN","",FALSE,"Year::Azone::GrpAge20to29"
1,"VESimHouseholds","CreateHouseholds","Get","Azone","Year","GrpAge30to54","","PRSN","",FALSE,"Year::Azone::GrpAge30to54"
1,"VESimHouseholds","CreateHouseholds","Get","Azone","Year","GrpAge55to64","","PRSN","",FALSE,"Year::Azone::GrpAge55to64"
1,"VESimHouseholds","CreateHouseholds","Get","Azone","Year","GrpAge65Plus","","PRSN","",FALSE,"Year::Azone::GrpAge65Plus"
1,"VESimHouseholds","CreateHouseholds","Set","Azone","Year","NumHh","","HH","Number of households (non-group quarters)",FALSE,"Year::Azone::NumHh"
1,"VESimHouseholds","CreateHouseholds","Set","Azone","Year","NumGq","","PRSN","Number of people in non-institutional group quarters",FALSE,"Year::Azone::NumGq"
1,"VESimHouseholds","CreateHouseholds","Set","Household","Year","HhId","","ID","Unique household ID",FALSE,"Year::Household::HhId"
1,"VESimHouseholds","CreateHouseholds","Set","Household","Year","Azone","","ID","Azone ID",FALSE,"Year::Household::Azone"
1,"VESimHouseholds","CreateHouseholds","Set","Household","Year","Marea","","ID","Marea ID",FALSE,"Year::Household::Marea"
1,"VESimHouseholds","CreateHouseholds","Set","Household","Year","HhSize","","PRSN","Number of persons",FALSE,"Year::Household::HhSize"
1,"VESimHouseholds","CreateHouseholds","Set","Household","Year","Age0to14","","PRSN","Persons in 0 to 14 year old age group",FALSE,"Year::Household::Age0to14"
1,"VESimHouseholds","CreateHouseholds","Set","Household","Year","Age15to19","","PRSN","Persons in 15 to 19 year old age group",FALSE,"Year::Household::Age15to19"
1,"VESimHouseholds","CreateHouseholds","Set","Household","Year","Age20to29","","PRSN","Persons in 20 to 29 year old age group",FALSE,"Year::Household::Age20to29"
1,"VESimHouseholds","CreateHouseholds","Set","Household","Year","Age30to54","","PRSN","Persons in 30 to 54 year old age group",FALSE,"Year::Household::Age30to54"
1,"VESimHouseholds","CreateHouseholds","Set","Household","Year","Age55to64","","PRSN","Persons in 55 to 64 year old age group",FALSE,"Year::Household::Age55to64"
1,"VESimHouseholds","CreateHouseholds","Set","Household","Year","Age65Plus","","PRSN","Persons in 65 or older age group",FALSE,"Year::Household::Age65Plus"
1,"VESimHouseholds","CreateHouseholds","Set","Household","Year","HhType","","category","Coded household age composition (e.g. 2-1-0-2-0-0) or Grp for group quarters",FALSE,"Year::Household::HhType"
2,"VESimHouseholds","PredictWorkers","Inp","Azone","Year","RelEmp15to19","azone_relative_employment.csv","proportion","Ratio of workers to persons age 15 to 19 in model year vs. in estimation data year",TRUE,"Year::Azone::RelEmp15to19"
2,"VESimHouseholds","PredictWorkers","Inp","Azone","Year","RelEmp20to29","azone_relative_employment.csv","proportion","Ratio of workers to persons age 20 to 29 in model year vs. in estimation data year",TRUE,"Year::Azone::RelEmp20to29"
2,"VESimHouseholds","PredictWorkers","Inp","Azone","Year","RelEmp30to54","azone_relative_employment.csv","proportion","Ratio of workers to persons age 30 to 54 in model year vs. in estimation data year",TRUE,"Year::Azone::RelEmp30to54"
2,"VESimHouseholds","PredictWorkers","Inp","Azone","Year","RelEmp55to64","azone_relative_employment.csv","proportion","Ratio of workers to persons age 55 to 64 in model year vs. in estimation data year",TRUE,"Year::Azone::RelEmp55to64"
2,"VESimHouseholds","PredictWorkers","Inp","Azone","Year","RelEmp65Plus","azone_relative_employment.csv","proportion","Ratio of workers to persons age 65 or older in model year vs. in estimation data year",TRUE,"Year::Azone::RelEmp65Plus"
2,"VESimHouseholds","PredictWorkers","Get","Household","Year","Age0to14","","PRSN","",FALSE,"Year::Household::Age0to14"
2,"VESimHouseholds","PredictWorkers","Get","Household","Year","Age15to19","","PRSN","",FALSE,"Year::Household::Age15to19"
2,"VESimHouseholds","PredictWorkers","Get","Household","Year","Age20to29","","PRSN","",FALSE,"Year::Household::Age20to29"
2,"VESimHouseholds","PredictWorkers","Get","Household","Year","Age30to54","","PRSN","",FALSE,"Year::Household::Age30to54"
2,"VESimHouseholds","PredictWorkers","Get","Household","Year","Age55to64","","PRSN","",FALSE,"Year::Household::Age55to64"
2,"VESimHouseholds","PredictWorkers","Get","Household","Year","Age65Plus","","PRSN","",FALSE,"Year::Household::Age65Plus"
2,"VESimHouseholds","PredictWorkers","Get","Azone","Year","RelEmp15to19","","proportion","",TRUE,"Year::Azone::RelEmp15to19"
2,"VESimHouseholds","PredictWorkers","Get","Azone","Year","RelEmp20to29","","proportion","",TRUE,"Year::Azone::RelEmp20to29"
2,"VESimHouseholds","PredictWorkers","Get","Azone","Year","RelEmp30to54","","proportion","",TRUE,"Year::Azone::RelEmp30to54"
2,"VESimHouseholds","PredictWorkers","Get","Azone","Year","RelEmp55to64","","proportion","",TRUE,"Year::Azone::RelEmp55to64"
2,"VESimHouseholds","PredictWorkers","Get","Azone","Year","RelEmp65Plus","","proportion","",TRUE,"Year::Azone::RelEmp65Plus"
2,"VESimHouseholds","PredictWorkers","Get","Household","Year","HhType","","category","",FALSE,"Year::Household::HhType"
2,"VESimHouseholds","PredictWorkers","Get","Household","Year","Azone","","ID","",FALSE,"Year::Household::Azone"
2,"VESimHouseholds","PredictWorkers","Get","Azone","Year","Azone","","ID","",FALSE,"Year::Azone::Azone"
2,"VESimHouseholds","PredictWorkers","Set","Household","Year","Wkr15to19","","PRSN","Workers in 15 to 19 year old age group",FALSE,"Year::Household::Wkr15to19"
2,"VESimHouseholds","PredictWorkers","Set","Household","Year","Wkr20to29","","PRSN","Workers in 20 to 29 year old age group",FALSE,"Year::Household::Wkr20to29"
2,"VESimHouseholds","PredictWorkers","Set","Household","Year","Wkr30to54","","PRSN","Workers in 30 to 54 year old age group",FALSE,"Year::Household::Wkr30to54"
2,"VESimHouseholds","PredictWorkers","Set","Household","Year","Wkr55to64","","PRSN","Workers in 55 to 64 year old age group",FALSE,"Year::Household::Wkr55to64"
2,"VESimHouseholds","PredictWorkers","Set","Household","Year","Wkr65Plus","","PRSN","Workers in 65 or older age group",FALSE,"Year::Household::Wkr65Plus"
2,"VESimHouseholds","PredictWorkers","Set","Household","Year","Workers","","PRSN","Total workers",FALSE,"Year::Household::Workers"
2,"VESimHouseholds","PredictWorkers","Set","Azone","Year","NumWkr","","PRSN","Number of workers residing in the zone",FALSE,"Year::Azone::NumWkr"
3,"VESimHouseholds","AssignLifeCycle","Get","Household","Year","Age0to14","","PRSN","",FALSE,"Year::Household::Age0to14"
3,"VESimHouseholds","AssignLifeCycle","Get","Household","Year","Age15to19","","PRSN","",FALSE,"Year::Household::Age15to19"
3,"VESimHouseholds","AssignLifeCycle","Get","Household","Year","Age20to29","","PRSN","",FALSE,"Year::Household::Age20to29"
3,"VESimHouseholds","AssignLifeCycle","Get","Household","Year","Age30to54","","PRSN","",FALSE,"Year::Household::Age30to54"
3,"VESimHouseholds","AssignLifeCycle","Get","Household","Year","Age55to64","","PRSN","",FALSE,"Year::Household::Age55to64"
3,"VESimHouseholds","AssignLifeCycle","Get","Household","Year","Age65Plus","","PRSN","",FALSE,"Year::Household::Age65Plus"
3,"VESimHouseholds","AssignLifeCycle","Get","Household","Year","Wkr15to19","","PRSN","",FALSE,"Year::Household::Wkr15to19"
3,"VESimHouseholds","AssignLifeCycle","Get","Household","Year","Wkr20to29","","PRSN","",FALSE,"Year::Household::Wkr20to29"
3,"VESimHouseholds","AssignLifeCycle","Get","Household","Year","Wkr30to54","","PRSN","",FALSE,"Year::Household::Wkr30to54"
3,"VESimHouseholds","AssignLifeCycle","Get","Household","Year","Wkr55to64","","PRSN","",FALSE,"Year::Household::Wkr55to64"
3,"VESimHouseholds","AssignLifeCycle","Get","Household","Year","Wkr65Plus","","PRSN","",FALSE,"Year::Household::Wkr65Plus"
3,"VESimHouseholds","AssignLifeCycle","Get","Household","Year","HhType","","category","",FALSE,"Year::Household::HhType"
3,"VESimHouseholds","AssignLifeCycle","Set","Household","Year","LifeCycle","","category","Household life cycle as defined by 2009 NHTS LIF_CYC variable",FALSE,"Year::Household::LifeCycle"
4,"VESimHouseholds","PredictIncome","Inp","Azone","Year","HHIncomePC","azone_per_cap_inc.csv","USD","Average annual per capita income of households (non-group quarters)",FALSE,"Year::Azone::HHIncomePC"
4,"VESimHouseholds","PredictIncome","Inp","Azone","Year","GQIncomePC","azone_per_cap_inc.csv","USD","Average annual per capita income of group quarters population",FALSE,"Year::Azone::GQIncomePC"
4,"VESimHouseholds","PredictIncome","Get","Azone","Year","Azone","","ID","",FALSE,"Year::Azone::Azone"
4,"VESimHouseholds","PredictIncome","Get","Azone","Year","HHIncomePC","","USD.1999","",FALSE,"Year::Azone::HHIncomePC"
4,"VESimHouseholds","PredictIncome","Get","Azone","Year","GQIncomePC","","USD.1999","",FALSE,"Year::Azone::GQIncomePC"
4,"VESimHouseholds","PredictIncome","Get","Household","Year","Azone","","ID","",FALSE,"Year::Household::Azone"
4,"VESimHouseholds","PredictIncome","Get","Household","Year","HhSize","","PRSN","",FALSE,"Year::Household::HhSize"
4,"VESimHouseholds","PredictIncome","Get","Household","Year","HhType","","category","",FALSE,"Year::Household::HhType"
4,"VESimHouseholds","PredictIncome","Get","Household","Year","Wkr15to19","","PRSN","",FALSE,"Year::Household::Wkr15to19"
4,"VESimHouseholds","PredictIncome","Get","Household","Year","Wkr20to29","","PRSN","",FALSE,"Year::Household::Wkr20to29"
4,"VESimHouseholds","PredictIncome","Get","Household","Year","Wkr30to54","","PRSN","",FALSE,"Year::Household::Wkr30to54"
4,"VESimHouseholds","PredictIncome","Get","Household","Year","Wkr55to64","","PRSN","",FALSE,"Year::Household::Wkr55to64"
4,"VESimHouseholds","PredictIncome","Get","Household","Year","Age65Plus","","PRSN","",FALSE,"Year::Household::Age65Plus"
4,"VESimHouseholds","PredictIncome","Set","Household","Year","Income","","USD.1999","Total annual household (non-qroup & group quarters) income",FALSE,"Year::Household::Income"
5,"VELandUse","PredictHousing","Inp","Bzone","Year","SFDU","bzone_dwelling_units.csv","DU","Number of single family dwelling units (PUMS codes 01 - 03) in zone",FALSE,"Year::Bzone::SFDU"
5,"VELandUse","PredictHousing","Inp","Bzone","Year","MFDU","bzone_dwelling_units.csv","DU","Number of multi-family dwelling units (PUMS codes 04 - 09) in zone",FALSE,"Year::Bzone::MFDU"
5,"VELandUse","PredictHousing","Inp","Bzone","Year","GQDU","bzone_dwelling_units.csv","DU","Number of qroup quarters population accommodations in zone",FALSE,"Year::Bzone::GQDU"
5,"VELandUse","PredictHousing","Inp","Bzone","Year","HhPropIncQ1","bzone_hh_inc_qrtl_prop.csv","NA","Proportion of Bzone households (non-group quarters) in 1st quartile of Azone household income",FALSE,"Year::Bzone::HhPropIncQ1"
5,"VELandUse","PredictHousing","Inp","Bzone","Year","HhPropIncQ2","bzone_hh_inc_qrtl_prop.csv","NA","Proportion of Bzone households (non-group quarters) in 2nd quartile of Azone household income",FALSE,"Year::Bzone::HhPropIncQ2"
5,"VELandUse","PredictHousing","Inp","Bzone","Year","HhPropIncQ3","bzone_hh_inc_qrtl_prop.csv","NA","Proportion of Bzone households (non-group quarters) in 3rd quartile of Azone household income",FALSE,"Year::Bzone::HhPropIncQ3"
5,"VELandUse","PredictHousing","Inp","Bzone","Year","HhPropIncQ4","bzone_hh_inc_qrtl_prop.csv","NA","Proportion of Bzone households (non-group quarters) in 4th quartile of Azone household income",FALSE,"Year::Bzone::HhPropIncQ4"
5,"VELandUse","PredictHousing","Get","Azone","Year","Azone","","ID","",FALSE,"Year::Azone::Azone"
5,"VELandUse","PredictHousing","Get","Bzone","Year","Azone","","ID","",FALSE,"Year::Bzone::Azone"
5,"VELandUse","PredictHousing","Get","Bzone","Year","Bzone","","ID","",FALSE,"Year::Bzone::Bzone"
5,"VELandUse","PredictHousing","Get","Bzone","Year","HhPropIncQ1","","NA","",FALSE,"Year::Bzone::HhPropIncQ1"
5,"VELandUse","PredictHousing","Get","Bzone","Year","HhPropIncQ2","","NA","",FALSE,"Year::Bzone::HhPropIncQ2"
5,"VELandUse","PredictHousing","Get","Bzone","Year","HhPropIncQ3","","NA","",FALSE,"Year::Bzone::HhPropIncQ3"
5,"VELandUse","PredictHousing","Get","Bzone","Year","HhPropIncQ4","","NA","",FALSE,"Year::Bzone::HhPropIncQ4"
5,"VELandUse","PredictHousing","Get","Bzone","Year","SFDU","","DU","",FALSE,"Year::Bzone::SFDU"
5,"VELandUse","PredictHousing","Get","Bzone","Year","MFDU","","DU","",FALSE,"Year::Bzone::MFDU"
5,"VELandUse","PredictHousing","Get","Bzone","Year","GQDU","","DU","",FALSE,"Year::Bzone::GQDU"
5,"VELandUse","PredictHousing","Get","Household","Year","Azone","","ID","",FALSE,"Year::Household::Azone"
5,"VELandUse","PredictHousing","Get","Household","Year","HhId","","ID","",FALSE,"Year::Household::HhId"
5,"VELandUse","PredictHousing","Get","Household","Year","Income","","USD.2010","",FALSE,"Year::Household::Income"
5,"VELandUse","PredictHousing","Get","Household","Year","HhSize","","PRSN","",FALSE,"Year::Household::HhSize"
5,"VELandUse","PredictHousing","Get","Household","Year","Workers","","PRSN","",FALSE,"Year::Household::Workers"
5,"VELandUse","PredictHousing","Get","Household","Year","Age15to19","","PRSN","",FALSE,"Year::Household::Age15to19"
5,"VELandUse","PredictHousing","Get","Household","Year","Age20to29","","PRSN","",FALSE,"Year::Household::Age20to29"
5,"VELandUse","PredictHousing","Get","Household","Year","Age30to54","","PRSN","",FALSE,"Year::Household::Age30to54"
5,"VELandUse","PredictHousing","Get","Household","Year","Age55to64","","PRSN","",FALSE,"Year::Household::Age55to64"
5,"VELandUse","PredictHousing","Get","Household","Year","Age65Plus","","PRSN","",FALSE,"Year::Household::Age65Plus"
5,"VELandUse","PredictHousing","Get","Household","Year","HhType","","category","",FALSE,"Year::Household::HhType"
5,"VELandUse","PredictHousing","Set","Household","Year","HouseType","","category","Type of dwelling unit in which the household resides (SF = single family, MF = multi-family, GQ = group quarters",FALSE,"Year::Household::HouseType"
5,"VELandUse","PredictHousing","Set","Household","Year","Bzone","","ID","ID of Bzone in which household resides",FALSE,"Year::Household::Bzone"
5,"VELandUse","PredictHousing","Set","Bzone","Year","SF","","DU","Number of households living in single family dwelling units in zone",FALSE,"Year::Bzone::SF"
5,"VELandUse","PredictHousing","Set","Bzone","Year","MF","","DU","Number of households living in multi-family dwelling units in zone",FALSE,"Year::Bzone::MF"
5,"VELandUse","PredictHousing","Set","Bzone","Year","GQ","","DU","Number of persons living in group quarters in zone",FALSE,"Year::Bzone::GQ"
5,"VELandUse","PredictHousing","Set","Bzone","Year","Pop","","PRSN","Population residing in zone",FALSE,"Year::Bzone::Pop"
5,"VELandUse","PredictHousing","Set","Bzone","Year","NumHh","","HH","Number of households (non-group and group quarters) residing in zone",FALSE,"Year::Bzone::NumHh"
5,"VELandUse","PredictHousing","Set","Bzone","Year","NumWkr","","PRSN","Number of workers residing in zone",FALSE,"Year::Bzone::NumWkr"
6,"VELandUse","LocateEmployment","Inp","Bzone","Year","TotEmp","bzone_employment.csv","PRSN","Total number of jobs in zone",FALSE,"Year::Bzone::TotEmp"
6,"VELandUse","LocateEmployment","Inp","Bzone","Year","RetEmp","bzone_employment.csv","PRSN","Number of jobs in retail sector in zone",FALSE,"Year::Bzone::RetEmp"
6,"VELandUse","LocateEmployment","Inp","Bzone","Year","SvcEmp","bzone_employment.csv","PRSN","Number of jobs in service sector in zone",FALSE,"Year::Bzone::SvcEmp"
6,"VELandUse","LocateEmployment","Inp","Bzone","Year","Latitude","bzone_lat_lon.csv","NA","Latitude in decimal degrees of the centroid of the zone",FALSE,"Year::Bzone::Latitude"
6,"VELandUse","LocateEmployment","Inp","Bzone","Year","Longitude","bzone_lat_lon.csv","NA","Longitude in decimal degrees of the centroid of the zone",FALSE,"Year::Bzone::Longitude"
6,"VELandUse","LocateEmployment","Get","Bzone","Year","Bzone","","ID","",FALSE,"Year::Bzone::Bzone"
6,"VELandUse","LocateEmployment","Get","Bzone","Year","Azone","","ID","",FALSE,"Year::Bzone::Azone"
6,"VELandUse","LocateEmployment","Get","Bzone","Year","Marea","","ID","",FALSE,"Year::Bzone::Marea"
6,"VELandUse","LocateEmployment","Get","Bzone","Year","TotEmp","","PRSN","",FALSE,"Year::Bzone::TotEmp"
6,"VELandUse","LocateEmployment","Get","Bzone","Year","RetEmp","","PRSN","",FALSE,"Year::Bzone::RetEmp"
6,"VELandUse","LocateEmployment","Get","Bzone","Year","SvcEmp","","PRSN","",FALSE,"Year::Bzone::SvcEmp"
6,"VELandUse","LocateEmployment","Get","Azone","Year","NumWkr","","PRSN","",FALSE,"Year::Azone::NumWkr"
6,"VELandUse","LocateEmployment","Get","Household","Year","Workers","","PRSN","",FALSE,"Year::Household::Workers"
6,"VELandUse","LocateEmployment","Get","Household","Year","HhId","","ID","",FALSE,"Year::Household::HhId"
6,"VELandUse","LocateEmployment","Get","Household","Year","Bzone","","ID","",FALSE,"Year::Household::Bzone"
6,"VELandUse","LocateEmployment","Get","Bzone","Year","Latitude","","NA","",FALSE,"Year::Bzone::Latitude"
6,"VELandUse","LocateEmployment","Get","Bzone","Year","Longitude","","NA","",FALSE,"Year::Bzone::Longitude"
6,"VELandUse","LocateEmployment","Set","Bzone","Year","TotEmp","","PRSN","Total number of jobs in zone",FALSE,"Year::Bzone::TotEmp"
6,"VELandUse","LocateEmployment","Set","Bzone","Year","RetEmp","","PRSN","Number of jobs in retail sector in zone",FALSE,"Year::Bzone::RetEmp"
6,"VELandUse","LocateEmployment","Set","Bzone","Year","SvcEmp","","PRSN","Number of jobs in service sector in zone",FALSE,"Year::Bzone::SvcEmp"
6,"VELandUse","LocateEmployment","Set","Worker","Year","HhId","","ID","Unique household ID",FALSE,"Year::Worker::HhId"
6,"VELandUse","LocateEmployment","Set","Worker","Year","WkrId","","ID","Unique worker ID",FALSE,"Year::Worker::WkrId"
6,"VELandUse","LocateEmployment","Set","Worker","Year","Bzone","","ID","Bzone ID of worker job location",FALSE,"Year::Worker::Bzone"
6,"VELandUse","LocateEmployment","Set","Worker","Year","Azone","","ID","Azone ID of worker job location",FALSE,"Year::Worker::Azone"
6,"VELandUse","LocateEmployment","Set","Worker","Year","Marea","","ID","Marea ID of worker job location",FALSE,"Year::Worker::Marea"
6,"VELandUse","LocateEmployment","Set","Worker","Year","DistanceToWork","","MI","Distance from home to work assuming location at Bzone centroid and 'Manhattan' distance",FALSE,"Year::Worker::DistanceToWork"
7,"VELandUse","AssignLocTypes","Inp","Bzone","Year","PropUrbanSFDU","bzone_urban-town_du_proportions.csv","NA","Proportion of single family dwelling units located within the urban portion of the zone",FALSE,"Year::Bzone::PropUrbanSFDU"
7,"VELandUse","AssignLocTypes","Inp","Bzone","Year","PropUrbanMFDU","bzone_urban-town_du_proportions.csv","NA","Proportion of multi-family dwelling units located within the urban portion of the zone",FALSE,"Year::Bzone::PropUrbanMFDU"
7,"VELandUse","AssignLocTypes","Inp","Bzone","Year","PropUrbanGQDU","bzone_urban-town_du_proportions.csv","NA","Proportion of group quarters accommodations located within the urban portion of the zone",FALSE,"Year::Bzone::PropUrbanGQDU"
7,"VELandUse","AssignLocTypes","Inp","Bzone","Year","PropTownSFDU","bzone_urban-town_du_proportions.csv","NA","Proportion of single family dwelling units located within the town portion of the zone",FALSE,"Year::Bzone::PropTownSFDU"
7,"VELandUse","AssignLocTypes","Inp","Bzone","Year","PropTownMFDU","bzone_urban-town_du_proportions.csv","NA","Proportion of multi-family dwelling units located within the town portion of the zone",FALSE,"Year::Bzone::PropTownMFDU"
7,"VELandUse","AssignLocTypes","Inp","Bzone","Year","PropTownGQDU","bzone_urban-town_du_proportions.csv","NA","Proportion of group quarters accommodations located within the town portion of the zone",FALSE,"Year::Bzone::PropTownGQDU"
7,"VELandUse","AssignLocTypes","Get","Marea","Year","Marea","","ID","",FALSE,"Year::Marea::Marea"
7,"VELandUse","AssignLocTypes","Get","Bzone","Year","Bzone","","ID","",FALSE,"Year::Bzone::Bzone"
7,"VELandUse","AssignLocTypes","Get","Bzone","Year","Marea","","ID","",FALSE,"Year::Bzone::Marea"
7,"VELandUse","AssignLocTypes","Get","Bzone","Year","PropUrbanSFDU","","NA","",FALSE,"Year::Bzone::PropUrbanSFDU"
7,"VELandUse","AssignLocTypes","Get","Bzone","Year","PropUrbanMFDU","","NA","",FALSE,"Year::Bzone::PropUrbanMFDU"
7,"VELandUse","AssignLocTypes","Get","Bzone","Year","PropUrbanGQDU","","NA","",FALSE,"Year::Bzone::PropUrbanGQDU"
7,"VELandUse","AssignLocTypes","Get","Bzone","Year","PropTownSFDU","","NA","",FALSE,"Year::Bzone::PropTownSFDU"
7,"VELandUse","AssignLocTypes","Get","Bzone","Year","PropTownMFDU","","NA","",FALSE,"Year::Bzone::PropTownMFDU"
7,"VELandUse","AssignLocTypes","Get","Bzone","Year","PropTownGQDU","","NA","",FALSE,"Year::Bzone::PropTownGQDU"
7,"VELandUse","AssignLocTypes","Get","Household","Year","HhId","","ID","",FALSE,"Year::Household::HhId"
7,"VELandUse","AssignLocTypes","Get","Household","Year","HouseType","","category","",FALSE,"Year::Household::HouseType"
7,"VELandUse","AssignLocTypes","Get","Household","Year","Bzone","","ID","",FALSE,"Year::Household::Bzone"
7,"VELandUse","AssignLocTypes","Get","Household","Year","HhSize","","PRSN","",FALSE,"Year::Household::HhSize"
7,"VELandUse","AssignLocTypes","Get","Household","Year","Income","","USD.2010","",FALSE,"Year::Household::Income"
7,"VELandUse","AssignLocTypes","Set","Household","Year","LocType","","category","Location type (Urban, Town, Rural) of the place where the household resides",FALSE,"Year::Household::LocType"
7,"VELandUse","AssignLocTypes","Set","Household","Year","Marea","","ID","Name of metropolitan area (Marea) that household is in or NA if none",FALSE,"Year::Household::Marea"
7,"VELandUse","AssignLocTypes","Set","Bzone","Year","UrbanPop","","PRSN","Urbanized area population in the Bzone",FALSE,"Year::Bzone::UrbanPop"
7,"VELandUse","AssignLocTypes","Set","Bzone","Year","TownPop","","PRSN","Town (i.e. urban but non-urbanized area) population in the Bzone",FALSE,"Year::Bzone::TownPop"
7,"VELandUse","AssignLocTypes","Set","Bzone","Year","RuralPop","","PRSN","Rural (i.e. not urbanized and not town) population in the Bzone",FALSE,"Year::Bzone::RuralPop"
7,"VELandUse","AssignLocTypes","Set","Marea","Year","UrbanPop","","PRSN","Urbanized area population in the Marea",FALSE,"Year::Marea::UrbanPop"
7,"VELandUse","AssignLocTypes","Set","Marea","Year","TownPop","","PRSN","Town (i.e. urban but non-urbanized area) in the Marea",FALSE,"Year::Marea::TownPop"
7,"VELandUse","AssignLocTypes","Set","Marea","Year","RuralPop","","PRSN","Rural (i.e. not urbanized and not town) population in the Marea",FALSE,"Year::Marea::RuralPop"
7,"VELandUse","AssignLocTypes","Set","Marea","Year","UrbanIncome","","USD.2010","Total household income of the urbanized area population in the Marea",FALSE,"Year::Marea::UrbanIncome"
7,"VELandUse","AssignLocTypes","Set","Marea","Year","TownIncome","","USD.2010","Total household income of the town (i.e. urban but non-urbanized area) population in the Marea",FALSE,"Year::Marea::TownIncome"
7,"VELandUse","AssignLocTypes","Set","Marea","Year","RuralIncome","","USD.2010","Total household income of the rural (i.e. not urbanized and not town) population in the Marea",FALSE,"Year::Marea::RuralIncome"
8,"VELandUse","Calculate4DMeasures","Inp","Bzone","Year","UrbanArea","bzone_unprotected_area.csv","ACRE","Area that is Urban and unprotected (i.e. developable) within the zone",FALSE,"Year::Bzone::UrbanArea"
8,"VELandUse","Calculate4DMeasures","Inp","Bzone","Year","TownArea","bzone_unprotected_area.csv","ACRE","Area that is Town and unprotected (i.e. developable) within the zone",FALSE,"Year::Bzone::TownArea"
8,"VELandUse","Calculate4DMeasures","Inp","Bzone","Year","RuralArea","bzone_unprotected_area.csv","ACRE","Area that is Rural and unprotected (i.e. developable) within the zone",FALSE,"Year::Bzone::RuralArea"
8,"VELandUse","Calculate4DMeasures","Inp","Bzone","Year","D3bpo4","bzone_network_design.csv","pedestrian-oriented intersections per square mile","Intersection density in terms of pedestrian-oriented intersections having four or more legs per square mile (Ref: EPA 2010 Smart Location Database)",FALSE,"Year::Bzone::D3bpo4"
8,"VELandUse","Calculate4DMeasures","Get","Bzone","Year","Bzone","","ID","",FALSE,"Year::Bzone::Bzone"
8,"VELandUse","Calculate4DMeasures","Get","Bzone","Year","TotEmp","","PRSN","",FALSE,"Year::Bzone::TotEmp"
8,"VELandUse","Calculate4DMeasures","Get","Bzone","Year","RetEmp","","PRSN","",FALSE,"Year::Bzone::RetEmp"
8,"VELandUse","Calculate4DMeasures","Get","Bzone","Year","SvcEmp","","PRSN","",FALSE,"Year::Bzone::SvcEmp"
8,"VELandUse","Calculate4DMeasures","Get","Bzone","Year","Pop","","PRSN","",FALSE,"Year::Bzone::Pop"
8,"VELandUse","Calculate4DMeasures","Get","Bzone","Year","NumHh","","HH","",FALSE,"Year::Bzone::NumHh"
8,"VELandUse","Calculate4DMeasures","Get","Bzone","Year","NumWkr","","PRSN","",FALSE,"Year::Bzone::NumWkr"
8,"VELandUse","Calculate4DMeasures","Get","Bzone","Year","UrbanArea","","ACRE","",FALSE,"Year::Bzone::UrbanArea"
8,"VELandUse","Calculate4DMeasures","Get","Bzone","Year","TownArea","","ACRE","",FALSE,"Year::Bzone::TownArea"
8,"VELandUse","Calculate4DMeasures","Get","Bzone","Year","RuralArea","","ACRE","",FALSE,"Year::Bzone::RuralArea"
8,"VELandUse","Calculate4DMeasures","Get","Bzone","Year","Latitude","","NA","",FALSE,"Year::Bzone::Latitude"
8,"VELandUse","Calculate4DMeasures","Get","Bzone","Year","Longitude","","NA","",FALSE,"Year::Bzone::Longitude"
8,"VELandUse","Calculate4DMeasures","Set","Bzone","Year","D1B","","PRSN/ACRE","Gross population density (people/acre) on unprotected (i.e. developable) land in zone (Ref: EPA 2010 Smart Location Database)",FALSE,"Year::Bzone::D1B"
8,"VELandUse","Calculate4DMeasures","Set","Bzone","Year","D1C","","JOB/ACRE","Gross employment density (jobs/acre) on unprotected land (i.e. developable) land in zone (Ref: EPA 2010 Smart Location Database)",FALSE,"Year::Bzone::D1C"
8,"VELandUse","Calculate4DMeasures","Set","Bzone","Year","D1D","","HHJOB/ACRE","Gross activity density (employment + households) on unprotected land in zone (Ref: EPA 2010 Smart Location Database)",FALSE,"Year::Bzone::D1D"
8,"VELandUse","Calculate4DMeasures","Set","Bzone","Year","D2A_JPHH","","JOB/HH","Ratio of jobs to households in zone (Ref: EPA 2010 Smart Location Database)",FALSE,"Year::Bzone::D2A_JPHH"
8,"VELandUse","Calculate4DMeasures","Set","Bzone","Year","D2A_WRKEMP","","PRSN/JOB","Ratio of workers to jobs in zone (Ref: EPA 2010 Smart Location Database)",FALSE,"Year::Bzone::D2A_WRKEMP"
8,"VELandUse","Calculate4DMeasures","Set","Bzone","Year","D2A_EPHHM","","employment & household entropy","Employment and household entropy measure for zone considering numbers of households, retail jobs, service jobs, and other jobs (Ref: EPA 2010 Smart Location Database)",FALSE,"Year::Bzone::D2A_EPHHM"
8,"VELandUse","Calculate4DMeasures","Set","Bzone","Year","D5","","NA","Destination accessibility of zone calculated as harmonic mean of jobs within 2 miles and population within 5 miles",FALSE,"Year::Bzone::D5"
9,"VELandUse","CalculateUrbanMixMeasure","Inp","Bzone","Year","MixUseProp","bzone_urban-mixed-use_prop.csv","proportion","Target for proportion of households located in mixed-use neighborhoods in zone (or NA if no target)",FALSE,"Year::Bzone::MixUseProp"
9,"VELandUse","CalculateUrbanMixMeasure","Get","Bzone","Year","Bzone","","ID","",FALSE,"Year::Bzone::Bzone"
9,"VELandUse","CalculateUrbanMixMeasure","Get","Bzone","Year","NumHh","","HH","",FALSE,"Year::Bzone::NumHh"
9,"VELandUse","CalculateUrbanMixMeasure","Get","Bzone","Year","UrbanPop","","PRSN","",FALSE,"Year::Bzone::UrbanPop"
9,"VELandUse","CalculateUrbanMixMeasure","Get","Bzone","Year","TownPop","","PRSN","",FALSE,"Year::Bzone::TownPop"
9,"VELandUse","CalculateUrbanMixMeasure","Get","Bzone","Year","RuralPop","","PRSN","",FALSE,"Year::Bzone::RuralPop"
9,"VELandUse","CalculateUrbanMixMeasure","Get","Bzone","Year","UrbanArea","","SQMI","",FALSE,"Year::Bzone::UrbanArea"
9,"VELandUse","CalculateUrbanMixMeasure","Get","Bzone","Year","TownArea","","SQMI","",FALSE,"Year::Bzone::TownArea"
9,"VELandUse","CalculateUrbanMixMeasure","Get","Bzone","Year","RuralArea","","SQMI","",FALSE,"Year::Bzone::RuralArea"
9,"VELandUse","CalculateUrbanMixMeasure","Get","Bzone","Year","MixUseProp","","proportion","",FALSE,"Year::Bzone::MixUseProp"
9,"VELandUse","CalculateUrbanMixMeasure","Get","Household","Year","Bzone","","ID","",FALSE,"Year::Household::Bzone"
9,"VELandUse","CalculateUrbanMixMeasure","Get","Household","Year","HhId","","ID","",FALSE,"Year::Household::HhId"
9,"VELandUse","CalculateUrbanMixMeasure","Get","Household","Year","HouseType","","category","",FALSE,"Year::Household::HouseType"
9,"VELandUse","CalculateUrbanMixMeasure","Set","Household","Year","IsUrbanMixNbrhd","","binary","Flag identifying whether household is (1) or is not (0) in urban mixed-use neighborhood",FALSE,"Year::Household::IsUrbanMixNbrhd"
10,"VELandUse","AssignParkingRestrictions","Inp","Bzone","Year","PkgSpacesPerSFDU","bzone_parking.csv","parking spaces","Average number of free parking spaces available to residents of single-family dwelling units",FALSE,"Year::Bzone::PkgSpacesPerSFDU"
10,"VELandUse","AssignParkingRestrictions","Inp","Bzone","Year","PkgSpacesPerMFDU","bzone_parking.csv","parking spaces","Average number of free parking spaces available to residents of multifamily dwelling units",FALSE,"Year::Bzone::PkgSpacesPerMFDU"
10,"VELandUse","AssignParkingRestrictions","Inp","Bzone","Year","PkgSpacesPerGQ","bzone_parking.csv","parking spaces","Average number of free parking spaces available to group quarters residents",FALSE,"Year::Bzone::PkgSpacesPerGQ"
10,"VELandUse","AssignParkingRestrictions","Inp","Bzone","Year","PropWkrPay","bzone_parking.csv","proportion","Proportion of workers who pay for parking",FALSE,"Year::Bzone::PropWkrPay"
10,"VELandUse","AssignParkingRestrictions","Inp","Bzone","Year","PropCashOut","bzone_parking.csv","proportion","Proportions of workers paying for parking in a cash-out-buy-back program",FALSE,"Year::Bzone::PropCashOut"
10,"VELandUse","AssignParkingRestrictions","Inp","Bzone","Year","PropNonWrkTripPay","bzone_parking.csv","proportion","Proportion of non-work trips who pay for parking",FALSE,"Year::Bzone::PropNonWrkTripPay"
10,"VELandUse","AssignParkingRestrictions","Inp","Bzone","Year","PkgCost","bzone_parking.csv","USD","Average daily cost for long-term parking (e.g. paid on monthly basis)",FALSE,"Year::Bzone::PkgCost"
10,"VELandUse","AssignParkingRestrictions","Get","Bzone","Year","Bzone","","ID","",FALSE,"Year::Bzone::Bzone"
10,"VELandUse","AssignParkingRestrictions","Get","Bzone","Year","PkgSpacesPerSFDU","","parking spaces","",FALSE,"Year::Bzone::PkgSpacesPerSFDU"
10,"VELandUse","AssignParkingRestrictions","Get","Bzone","Year","PkgSpacesPerMFDU","","parking spaces","",FALSE,"Year::Bzone::PkgSpacesPerMFDU"
10,"VELandUse","AssignParkingRestrictions","Get","Bzone","Year","PkgSpacesPerGQ","","parking spaces","",FALSE,"Year::Bzone::PkgSpacesPerGQ"
10,"VELandUse","AssignParkingRestrictions","Get","Bzone","Year","PropWkrPay","","proportion","",FALSE,"Year::Bzone::PropWkrPay"
10,"VELandUse","AssignParkingRestrictions","Get","Bzone","Year","PropCashOut","","proportion","",FALSE,"Year::Bzone::PropCashOut"
10,"VELandUse","AssignParkingRestrictions","Get","Bzone","Year","PropNonWrkTripPay","","proportion","",FALSE,"Year::Bzone::PropNonWrkTripPay"
10,"VELandUse","AssignParkingRestrictions","Get","Bzone","Year","PkgCost","","USD","",FALSE,"Year::Bzone::PkgCost"
10,"VELandUse","AssignParkingRestrictions","Get","Bzone","Year","NumHh","","HH","",FALSE,"Year::Bzone::NumHh"
10,"VELandUse","AssignParkingRestrictions","Get","Bzone","Year","RetEmp","","PRSN","",FALSE,"Year::Bzone::RetEmp"
10,"VELandUse","AssignParkingRestrictions","Get","Bzone","Year","SvcEmp","","PRSN","",FALSE,"Year::Bzone::SvcEmp"
10,"VELandUse","AssignParkingRestrictions","Get","Bzone","Year","Latitude","","NA","",FALSE,"Year::Bzone::Latitude"
10,"VELandUse","AssignParkingRestrictions","Get","Bzone","Year","Longitude","","NA","",FALSE,"Year::Bzone::Longitude"
10,"VELandUse","AssignParkingRestrictions","Get","Household","Year","HouseType","","category","",FALSE,"Year::Household::HouseType"
10,"VELandUse","AssignParkingRestrictions","Get","Household","Year","Bzone","","ID","",FALSE,"Year::Household::Bzone"
10,"VELandUse","AssignParkingRestrictions","Get","Worker","Year","Bzone","","ID","",FALSE,"Year::Worker::Bzone"
10,"VELandUse","AssignParkingRestrictions","Set","Household","Year","FreeParkingSpaces","","parking spaces","Number of free parking spaces available to the household",FALSE,"Year::Household::FreeParkingSpaces"
10,"VELandUse","AssignParkingRestrictions","Set","Household","Year","ParkingUnitCost","","USD","Daily cost for long-term parking (e.g. paid on monthly basis)",FALSE,"Year::Household::ParkingUnitCost"
10,"VELandUse","AssignParkingRestrictions","Set","Household","Year","OtherParkingCost","","USD","Daily cost for parking at shopping locations or other locations of paid parking not including work (not adjusted for number of vehicle trips)",FALSE,"Year::Household::OtherParkingCost"
10,"VELandUse","AssignParkingRestrictions","Set","Worker","Year","PaysForParking","","binary","Does worker pay for parking: 1 = yes, 0 = no",FALSE,"Year::Worker::PaysForParking"
10,"VELandUse","AssignParkingRestrictions","Set","Worker","Year","IsCashOut","","binary","Is worker paid parking in cash-out-buy-back program: 1 = yes, 0 = no",FALSE,"Year::Worker::IsCashOut"
10,"VELandUse","AssignParkingRestrictions","Set","Worker","Year","ParkingCost","","USD","Daily cost for long-term parking (e.g. paid on monthly basis)",FALSE,"Year::Worker::ParkingCost"
11,"VELandUse","AssignDemandManagement","Inp","Bzone","Year","EcoProp","bzone_travel_demand_mgt.csv","proportion","Proportion of workers working in Bzone who participate in strong employee commute options program",FALSE,"Year::Bzone::EcoProp"
11,"VELandUse","AssignDemandManagement","Inp","Bzone","Year","ImpProp","bzone_travel_demand_mgt.csv","proportion","Proportion of households residing in Bzone who participate in strong individualized marketing program",FALSE,"Year::Bzone::ImpProp"
11,"VELandUse","AssignDemandManagement","Get","Bzone","Year","Bzone","","ID","",FALSE,"Year::Bzone::Bzone"
11,"VELandUse","AssignDemandManagement","Get","Bzone","Year","EcoProp","","proportion","",FALSE,"Year::Bzone::EcoProp"
11,"VELandUse","AssignDemandManagement","Get","Bzone","Year","ImpProp","","proportion","",FALSE,"Year::Bzone::ImpProp"
11,"VELandUse","AssignDemandManagement","Get","Household","Year","Bzone","","ID","",FALSE,"Year::Household::Bzone"
11,"VELandUse","AssignDemandManagement","Get","Household","Year","HhId","","ID","",FALSE,"Year::Household::HhId"
11,"VELandUse","AssignDemandManagement","Get","Household","Year","HhSize","","PRSN","",FALSE,"Year::Household::HhSize"
11,"VELandUse","AssignDemandManagement","Get","Household","Year","Workers","","PRSN","",FALSE,"Year::Household::Workers"
11,"VELandUse","AssignDemandManagement","Get","Worker","Year","HhId","","ID","",FALSE,"Year::Worker::HhId"
11,"VELandUse","AssignDemandManagement","Get","Worker","Year","Bzone","","ID","",FALSE,"Year::Worker::Bzone"
11,"VELandUse","AssignDemandManagement","Set","Household","Year","IsIMP","","binary","Identifies whether household is participant in travel demand management individualized marketing program (IMP): 1 = yes, 0 = no",FALSE,"Year::Household::IsIMP"
11,"VELandUse","AssignDemandManagement","Set","Household","Year","PropTdmDvmtReduction","","proportion","Proportional reduction in household DVMT due to participation in travel demand management programs",FALSE,"Year::Household::PropTdmDvmtReduction"
11,"VELandUse","AssignDemandManagement","Set","Worker","Year","IsECO","","binary","Identifies whether worker is a participant in travel demand management employee commute options program: 1 = yes, 0 = no",FALSE,"Year::Worker::IsECO"
12,"VELandUse","AssignCarSvcAvailability","Inp","Bzone","Year","CarSvcLevel","bzone_carsvc_availability.csv","category","Level of car service availability. High means access is competitive with household owned car. Low is not competitive.",FALSE,"Year::Bzone::CarSvcLevel"
12,"VELandUse","AssignCarSvcAvailability","Get","Bzone","Year","CarSvcLevel","","category","",FALSE,"Year::Bzone::CarSvcLevel"
12,"VELandUse","AssignCarSvcAvailability","Get","Bzone","Year","Bzone","","ID","",FALSE,"Year::Bzone::Bzone"
12,"VELandUse","AssignCarSvcAvailability","Get","Household","Year","Bzone","","ID","",FALSE,"Year::Household::Bzone"
12,"VELandUse","AssignCarSvcAvailability","Set","Household","Year","CarSvcLevel","","category","Level of car service availability. High means access is competitive with household owned car. Low is not competitive.",FALSE,"Year::Household::CarSvcLevel"
13,"VETransportSupply","AssignTransitService","Inp","Marea","Year","DRRevMi","marea_transit_service.csv","MI/YR","Annual revenue-miles of demand-responsive public transit service",FALSE,"Year::Marea::DRRevMi"
13,"VETransportSupply","AssignTransitService","Inp","Marea","Year","VPRevMi","marea_transit_service.csv","MI/YR","Annual revenue-miles of van-pool and similar public transit service",FALSE,"Year::Marea::VPRevMi"
13,"VETransportSupply","AssignTransitService","Inp","Marea","Year","MBRevMi","marea_transit_service.csv","MI/YR","Annual revenue-miles of standard bus public transit service",FALSE,"Year::Marea::MBRevMi"
13,"VETransportSupply","AssignTransitService","Inp","Marea","Year","RBRevMi","marea_transit_service.csv","MI/YR","Annual revenue-miles of rapid-bus and commuter bus public transit service",FALSE,"Year::Marea::RBRevMi"
13,"VETransportSupply","AssignTransitService","Inp","Marea","Year","MGRevMi","marea_transit_service.csv","MI/YR","Annual revenue-miles of monorail and automated guideway public transit service",FALSE,"Year::Marea::MGRevMi"
13,"VETransportSupply","AssignTransitService","Inp","Marea","Year","SRRevMi","marea_transit_service.csv","MI/YR","Annual revenue-miles of streetcar and trolleybus public transit service",FALSE,"Year::Marea::SRRevMi"
13,"VETransportSupply","AssignTransitService","Inp","Marea","Year","HRRevMi","marea_transit_service.csv","MI/YR","Annual revenue-miles of light rail and heavy rail public transit service",FALSE,"Year::Marea::HRRevMi"
13,"VETransportSupply","AssignTransitService","Inp","Marea","Year","CRRevMi","marea_transit_service.csv","MI/YR","Annual revenue-miles of commuter rail, hybrid rail, cable car, and aerial tramway public transit service",FALSE,"Year::Marea::CRRevMi"
13,"VETransportSupply","AssignTransitService","Inp","Bzone","Year","D4c","bzone_transit_service.csv","aggregate peak period transit service","Aggregate frequency of transit service within 0.25 miles of block group boundary per hour during evening peak period (Ref: EPA 2010 Smart Location Database)",FALSE,"Year::Bzone::D4c"
13,"VETransportSupply","AssignTransitService","Get","Marea","Year","Marea","","ID","",FALSE,"Year::Marea::Marea"
13,"VETransportSupply","AssignTransitService","Get","Bzone","Year","Marea","","ID","",FALSE,"Year::Bzone::Marea"
13,"VETransportSupply","AssignTransitService","Get","Marea","Year","DRRevMi","","MI/YR","",FALSE,"Year::Marea::DRRevMi"
13,"VETransportSupply","AssignTransitService","Get","Marea","Year","VPRevMi","","MI/YR","",FALSE,"Year::Marea::VPRevMi"
13,"VETransportSupply","AssignTransitService","Get","Marea","Year","MBRevMi","","MI/YR","",FALSE,"Year::Marea::MBRevMi"
13,"VETransportSupply","AssignTransitService","Get","Marea","Year","RBRevMi","","MI/YR","",FALSE,"Year::Marea::RBRevMi"
13,"VETransportSupply","AssignTransitService","Get","Marea","Year","MGRevMi","","MI/YR","",FALSE,"Year::Marea::MGRevMi"
13,"VETransportSupply","AssignTransitService","Get","Marea","Year","SRRevMi","","MI/YR","",FALSE,"Year::Marea::SRRevMi"
13,"VETransportSupply","AssignTransitService","Get","Marea","Year","HRRevMi","","MI/YR","",FALSE,"Year::Marea::HRRevMi"
13,"VETransportSupply","AssignTransitService","Get","Marea","Year","CRRevMi","","MI/YR","",FALSE,"Year::Marea::CRRevMi"
13,"VETransportSupply","AssignTransitService","Get","Bzone","Year","UrbanPop","","PRSN","",FALSE,"Year::Bzone::UrbanPop"
13,"VETransportSupply","AssignTransitService","Set","Marea","Year","TranRevMiPC","","MI/PRSN/YR","Ratio of annual bus-equivalent revenue-miles (i.e. revenue-miles at the same productivity - passenger miles per revenue mile - as standard bus) to urbanized area population",FALSE,"Year::Marea::TranRevMiPC"
13,"VETransportSupply","AssignTransitService","Set","Marea","Year","VanDvmt","","MI/DAY","Total daily miles traveled by vans of various sizes to provide demand responsive, vanpool, and similar services.",FALSE,"Year::Marea::VanDvmt"
13,"VETransportSupply","AssignTransitService","Set","Marea","Year","BusDvmt","","MI/DAY","Total daily miles traveled by buses of various sizes to provide bus service of various types.",FALSE,"Year::Marea::BusDvmt"
13,"VETransportSupply","AssignTransitService","Set","Marea","Year","RailDvmt","","MI/DAY","Total daily miles traveled by light rail, heavy rail, commuter rail, and similar types of vehicles.",FALSE,"Year::Marea::RailDvmt"
14,"VETransportSupply","AssignRoadMiles","Inp","Marea","Year","FwyLaneMi","marea_lane_miles.csv","MI","Lane-miles of roadways functionally classified as freeways or expressways in the urbanized portion of the metropolitan area",FALSE,"Year::Marea::FwyLaneMi"
14,"VETransportSupply","AssignRoadMiles","Inp","Marea","Year","ArtLaneMi","marea_lane_miles.csv","MI","Lane-miles of roadways functionally classified as arterials (but not freeways or expressways) in the urbanized portion of the metropolitan area",FALSE,"Year::Marea::ArtLaneMi"
14,"VETransportSupply","AssignRoadMiles","Get","Marea","Year","Marea","","ID","",FALSE,"Year::Marea::Marea"
14,"VETransportSupply","AssignRoadMiles","Get","Marea","Year","FwyLaneMi","","MI","",FALSE,"Year::Marea::FwyLaneMi"
14,"VETransportSupply","AssignRoadMiles","Get","Marea","Year","ArtLaneMi","","MI","",FALSE,"Year::Marea::ArtLaneMi"
14,"VETransportSupply","AssignRoadMiles","Get","Bzone","Year","Marea","","ID","",FALSE,"Year::Bzone::Marea"
14,"VETransportSupply","AssignRoadMiles","Get","Bzone","Year","UrbanPop","","PRSN","",FALSE,"Year::Bzone::UrbanPop"
14,"VETransportSupply","AssignRoadMiles","Set","Marea","Year","FwyLaneMiPC","","MI/PRSN","Ratio of urbanized area freeway and expressway lane-miles to urbanized area population",FALSE,"Year::Marea::FwyLaneMiPC"
15,"VEHouseholdVehicles","AssignDrivers","Inp","Region","Year","DrvPerPrsn15to19","region_hh_ave_driver_per_capita.csv","DRV/PRSN","Target ratio of drivers to persons in the 15 to 19 years old age group",TRUE,"Year::Region::DrvPerPrsn15to19"
15,"VEHouseholdVehicles","AssignDrivers","Inp","Region","Year","DrvPerPrsn20to29","region_hh_ave_driver_per_capita.csv","DRV/PRSN","Target ratio of drivers to persons in the 20 to 29 years old age group",TRUE,"Year::Region::DrvPerPrsn20to29"
15,"VEHouseholdVehicles","AssignDrivers","Inp","Region","Year","DrvPerPrsn30to54","region_hh_ave_driver_per_capita.csv","DRV/PRSN","Target ratio of drivers to persons in the 30 to 54 years old age group",TRUE,"Year::Region::DrvPerPrsn30to54"
15,"VEHouseholdVehicles","AssignDrivers","Inp","Region","Year","DrvPerPrsn55to64","region_hh_ave_driver_per_capita.csv","DRV/PRSN","Target ratio of drivers to persons in the 55 to 64 years old age group",TRUE,"Year::Region::DrvPerPrsn55to64"
15,"VEHouseholdVehicles","AssignDrivers","Inp","Region","Year","DrvPerPrsn65Plus","region_hh_ave_driver_per_capita.csv","DRV/PRSN","Target ratio of drivers to persons in the 65 or older age group",TRUE,"Year::Region::DrvPerPrsn65Plus"
15,"VEHouseholdVehicles","AssignDrivers","Get","Region","Year","DrvPerPrsn15to19","","DRV/PRSN","",TRUE,"Year::Region::DrvPerPrsn15to19"
15,"VEHouseholdVehicles","AssignDrivers","Get","Region","Year","DrvPerPrsn20to29","","DRV/PRSN","",TRUE,"Year::Region::DrvPerPrsn20to29"
15,"VEHouseholdVehicles","AssignDrivers","Get","Region","Year","DrvPerPrsn30to54","","DRV/PRSN","",TRUE,"Year::Region::DrvPerPrsn30to54"
15,"VEHouseholdVehicles","AssignDrivers","Get","Region","Year","DrvPerPrsn55to64","","DRV/PRSN","",TRUE,"Year::Region::DrvPerPrsn55to64"
15,"VEHouseholdVehicles","AssignDrivers","Get","Region","Year","DrvPerPrsn65Plus","","DRV/PRSN","",TRUE,"Year::Region::DrvPerPrsn65Plus"
15,"VEHouseholdVehicles","AssignDrivers","Get","Marea","Year","Marea","","ID","",FALSE,"Year::Marea::Marea"
15,"VEHouseholdVehicles","AssignDrivers","Get","Marea","Year","TranRevMiPC","","MI/PRSN/YR","",FALSE,"Year::Marea::TranRevMiPC"
15,"VEHouseholdVehicles","AssignDrivers","Get","Bzone","Year","Bzone","","ID","",FALSE,"Year::Bzone::Bzone"
15,"VEHouseholdVehicles","AssignDrivers","Get","Bzone","Year","D1B","","PRSN/SQMI","",FALSE,"Year::Bzone::D1B"
15,"VEHouseholdVehicles","AssignDrivers","Get","Household","Year","Marea","","ID","",FALSE,"Year::Household::Marea"
15,"VEHouseholdVehicles","AssignDrivers","Get","Household","Year","Bzone","","ID","",FALSE,"Year::Household::Bzone"
15,"VEHouseholdVehicles","AssignDrivers","Get","Household","Year","HhId","","ID","",FALSE,"Year::Household::HhId"
15,"VEHouseholdVehicles","AssignDrivers","Get","Household","Year","Age15to19","","PRSN","",FALSE,"Year::Household::Age15to19"
15,"VEHouseholdVehicles","AssignDrivers","Get","Household","Year","Age20to29","","PRSN","",FALSE,"Year::Household::Age20to29"
15,"VEHouseholdVehicles","AssignDrivers","Get","Household","Year","Age30to54","","PRSN","",FALSE,"Year::Household::Age30to54"
15,"VEHouseholdVehicles","AssignDrivers","Get","Household","Year","Age55to64","","PRSN","",FALSE,"Year::Household::Age55to64"
15,"VEHouseholdVehicles","AssignDrivers","Get","Household","Year","Age65Plus","","PRSN","",FALSE,"Year::Household::Age65Plus"
15,"VEHouseholdVehicles","AssignDrivers","Get","Household","Year","Wkr15to19","","PRSN","",FALSE,"Year::Household::Wkr15to19"
15,"VEHouseholdVehicles","AssignDrivers","Get","Household","Year","Wkr20to29","","PRSN","",FALSE,"Year::Household::Wkr20to29"
15,"VEHouseholdVehicles","AssignDrivers","Get","Household","Year","Wkr30to54","","PRSN","",FALSE,"Year::Household::Wkr30to54"
15,"VEHouseholdVehicles","AssignDrivers","Get","Household","Year","Wkr55to64","","PRSN","",FALSE,"Year::Household::Wkr55to64"
15,"VEHouseholdVehicles","AssignDrivers","Get","Household","Year","Wkr65Plus","","PRSN","",FALSE,"Year::Household::Wkr65Plus"
15,"VEHouseholdVehicles","AssignDrivers","Get","Household","Year","Income","","USD.2001","",FALSE,"Year::Household::Income"
15,"VEHouseholdVehicles","AssignDrivers","Get","Household","Year","HhSize","","PRSN","",FALSE,"Year::Household::HhSize"
15,"VEHouseholdVehicles","AssignDrivers","Get","Household","Year","HouseType","","category","",FALSE,"Year::Household::HouseType"
15,"VEHouseholdVehicles","AssignDrivers","Get","Household","Year","IsUrbanMixNbrhd","","binary","",FALSE,"Year::Household::IsUrbanMixNbrhd"
15,"VEHouseholdVehicles","AssignDrivers","Get","Household","Year","LocType","","category","",FALSE,"Year::Household::LocType"
15,"VEHouseholdVehicles","AssignDrivers","Set","Household","Year","Drv15to19","","PRSN","Number of drivers 15 to 19 years old",FALSE,"Year::Household::Drv15to19"
15,"VEHouseholdVehicles","AssignDrivers","Set","Household","Year","Drv20to29","","PRSN","Number of drivers 20 to 29 years old",FALSE,"Year::Household::Drv20to29"
15,"VEHouseholdVehicles","AssignDrivers","Set","Household","Year","Drv30to54","","PRSN","Number of drivers 30 to 54 years old",FALSE,"Year::Household::Drv30to54"
15,"VEHouseholdVehicles","AssignDrivers","Set","Household","Year","Drv55to64","","PRSN","Number of drivers 55 to 64 years old",FALSE,"Year::Household::Drv55to64"
15,"VEHouseholdVehicles","AssignDrivers","Set","Household","Year","Drv65Plus","","PRSN","Number of drivers 65 or older",FALSE,"Year::Household::Drv65Plus"
15,"VEHouseholdVehicles","AssignDrivers","Set","Household","Year","Drivers","","PRSN","Number of drivers in household",FALSE,"Year::Household::Drivers"
15,"VEHouseholdVehicles","AssignDrivers","Set","Household","Year","DrvAgePersons","","PRSN","Number of people 15 year old or older in the household",FALSE,"Year::Household::DrvAgePersons"
16,"VEHouseholdVehicles","AssignVehicleOwnership","Inp","Azone","Year","AveVehPerDriver","azone_hh_ave_veh_per_driver.csv","VEH/DRV","Average number of household vehicles per licensed driver by Azone",TRUE,"Year::Azone::AveVehPerDriver"
16,"VEHouseholdVehicles","AssignVehicleOwnership","Get","Marea","Year","Marea","","ID","",FALSE,"Year::Marea::Marea"
16,"VEHouseholdVehicles","AssignVehicleOwnership","Get","Marea","Year","TranRevMiPC","","MI/PRSN/YR","",FALSE,"Year::Marea::TranRevMiPC"
16,"VEHouseholdVehicles","AssignVehicleOwnership","Get","Bzone","Year","Marea","","ID","",FALSE,"Year::Bzone::Marea"
16,"VEHouseholdVehicles","AssignVehicleOwnership","Get","Bzone","Year","Bzone","","ID","",FALSE,"Year::Bzone::Bzone"
16,"VEHouseholdVehicles","AssignVehicleOwnership","Get","Bzone","Year","D1B","","PRSN/SQMI","",FALSE,"Year::Bzone::D1B"
16,"VEHouseholdVehicles","AssignVehicleOwnership","Get","Household","Year","Bzone","","ID","",FALSE,"Year::Household::Bzone"
16,"VEHouseholdVehicles","AssignVehicleOwnership","Get","Household","Year","Azone","","ID","",FALSE,"Year::Household::Azone"
16,"VEHouseholdVehicles","AssignVehicleOwnership","Get","Household","Year","Workers","","PRSN","",FALSE,"Year::Household::Workers"
16,"VEHouseholdVehicles","AssignVehicleOwnership","Get","Household","Year","Drivers","","PRSN","",FALSE,"Year::Household::Drivers"
16,"VEHouseholdVehicles","AssignVehicleOwnership","Get","Household","Year","Income","","USD.2001","",FALSE,"Year::Household::Income"
16,"VEHouseholdVehicles","AssignVehicleOwnership","Get","Household","Year","HouseType","","category","",FALSE,"Year::Household::HouseType"
16,"VEHouseholdVehicles","AssignVehicleOwnership","Get","Household","Year","HhSize","","PRSN","",FALSE,"Year::Household::HhSize"
16,"VEHouseholdVehicles","AssignVehicleOwnership","Get","Household","Year","Age65Plus","","PRSN","",FALSE,"Year::Household::Age65Plus"
16,"VEHouseholdVehicles","AssignVehicleOwnership","Get","Household","Year","IsUrbanMixNbrhd","","binary","",FALSE,"Year::Household::IsUrbanMixNbrhd"
16,"VEHouseholdVehicles","AssignVehicleOwnership","Get","Household","Year","LocType","","category","",FALSE,"Year::Household::LocType"
16,"VEHouseholdVehicles","AssignVehicleOwnership","Get","Azone","Year","Azone","","ID","",FALSE,"Year::Azone::Azone"
16,"VEHouseholdVehicles","AssignVehicleOwnership","Get","Azone","Year","AveVehPerDriver","","VEH/DRV","",TRUE,"Year::Azone::AveVehPerDriver"
16,"VEHouseholdVehicles","AssignVehicleOwnership","Set","Household","Year","Vehicles","","VEH","Number of automobiles and light trucks owned or leased by the household including high level car service vehicles available to driving-age persons",FALSE,"Year::Household::Vehicles"
17,"VEHouseholdVehicles","AssignVehicleType","Inp","Azone","Year","LtTrkProp","azone_hh_lttrk_prop.csv","proportion","Proportion of household vehicles that are light trucks (pickup, SUV, van)",FALSE,"Year::Azone::LtTrkProp"
17,"VEHouseholdVehicles","AssignVehicleType","Get","Azone","Year","Azone","","ID","",FALSE,"Year::Azone::Azone"
17,"VEHouseholdVehicles","AssignVehicleType","Get","Azone","Year","LtTrkProp","","proportion","",FALSE,"Year::Azone::LtTrkProp"
17,"VEHouseholdVehicles","AssignVehicleType","Get","Bzone","Year","D1B","","PRSN/SQMI","",FALSE,"Year::Bzone::D1B"
17,"VEHouseholdVehicles","AssignVehicleType","Get","Bzone","Year","Bzone","","ID","",FALSE,"Year::Bzone::Bzone"
17,"VEHouseholdVehicles","AssignVehicleType","Get","Bzone","Year","Azone","","ID","",FALSE,"Year::Bzone::Azone"
17,"VEHouseholdVehicles","AssignVehicleType","Get","Household","Year","HhId","","ID","",FALSE,"Year::Household::HhId"
17,"VEHouseholdVehicles","AssignVehicleType","Get","Household","Year","Bzone","","ID","",FALSE,"Year::Household::Bzone"
17,"VEHouseholdVehicles","AssignVehicleType","Get","Household","Year","Azone","","ID","",FALSE,"Year::Household::Azone"
17,"VEHouseholdVehicles","AssignVehicleType","Get","Household","Year","HhSize","","PRSN","",FALSE,"Year::Household::HhSize"
17,"VEHouseholdVehicles","AssignVehicleType","Get","Household","Year","Age0to14","","PRSN","",FALSE,"Year::Household::Age0to14"
17,"VEHouseholdVehicles","AssignVehicleType","Get","Household","Year","Age15to19","","PRSN","",FALSE,"Year::Household::Age15to19"
17,"VEHouseholdVehicles","AssignVehicleType","Get","Household","Year","Income","","USD.2001","",FALSE,"Year::Household::Income"
17,"VEHouseholdVehicles","AssignVehicleType","Get","Household","Year","HouseType","","category","",FALSE,"Year::Household::HouseType"
17,"VEHouseholdVehicles","AssignVehicleType","Get","Household","Year","IsUrbanMixNbrhd","","binary","",FALSE,"Year::Household::IsUrbanMixNbrhd"
17,"VEHouseholdVehicles","AssignVehicleType","Get","Household","Year","Vehicles","","VEH","",FALSE,"Year::Household::Vehicles"
17,"VEHouseholdVehicles","AssignVehicleType","Get","Household","Year","Drivers","","PRSN","",FALSE,"Year::Household::Drivers"
17,"VEHouseholdVehicles","AssignVehicleType","Set","Household","Year","NumLtTrk","","VEH","Number of light trucks (pickup, sport-utility vehicle, and van) owned or leased by household",FALSE,"Year::Household::NumLtTrk"
17,"VEHouseholdVehicles","AssignVehicleType","Set","Household","Year","NumAuto","","VEH","Number of automobiles (i.e. 4-tire passenger vehicles that are not light trucks) owned or leased by household",FALSE,"Year::Household::NumAuto"
18,"VEHouseholdVehicles","CreateVehicleTable","Inp","Azone","Year","HighCarSvcCost","azone_carsvc_characteristics.csv","USD","Average cost in dollars per mile for travel by high service level car service exclusive of the cost of fuel, road use taxes, and carbon taxes (and any other social costs charged to vehicle use).",FALSE,"Year::Azone::HighCarSvcCost"
18,"VEHouseholdVehicles","CreateVehicleTable","Inp","Azone","Year","LowCarSvcCost","azone_carsvc_characteristics.csv","USD","Average cost in dollars per mile for travel by low service level car service exclusive of the cost of fuel, road use taxes, and carbon taxes (and any other social costs charged to vehicle use).",FALSE,"Year::Azone::LowCarSvcCost"
18,"VEHouseholdVehicles","CreateVehicleTable","Inp","Azone","Year","AveCarSvcVehicleAge","azone_carsvc_characteristics.csv","YR","Average age of car service vehicles in years",FALSE,"Year::Azone::AveCarSvcVehicleAge"
18,"VEHouseholdVehicles","CreateVehicleTable","Inp","Azone","Year","LtTrkCarSvcSubProp","azone_carsvc_characteristics.csv","proportion","The proportion of light-truck owners who would substitute a less-costly car service option for owning their light truck",FALSE,"Year::Azone::LtTrkCarSvcSubProp"
18,"VEHouseholdVehicles","CreateVehicleTable","Inp","Azone","Year","AutoCarSvcSubProp","azone_carsvc_characteristics.csv","proportion","Th proportion of automobile owners who would substitute a less-costly car service option for owning their automobile",FALSE,"Year::Azone::AutoCarSvcSubProp"
18,"VEHouseholdVehicles","CreateVehicleTable","Get","Household","Year","HhId","","ID","",FALSE,"Year::Household::HhId"
18,"VEHouseholdVehicles","CreateVehicleTable","Get","Household","Year","Azone","","ID","",FALSE,"Year::Household::Azone"
18,"VEHouseholdVehicles","CreateVehicleTable","Get","Household","Year","Marea","","ID","",FALSE,"Year::Household::Marea"
18,"VEHouseholdVehicles","CreateVehicleTable","Get","Household","Year","NumLtTrk","","VEH","",FALSE,"Year::Household::NumLtTrk"
18,"VEHouseholdVehicles","CreateVehicleTable","Get","Household","Year","NumAuto","","VEH","",FALSE,"Year::Household::NumAuto"
18,"VEHouseholdVehicles","CreateVehicleTable","Get","Household","Year","Vehicles","","VEH","",FALSE,"Year::Household::Vehicles"
18,"VEHouseholdVehicles","CreateVehicleTable","Get","Household","Year","DrvAgePersons","","PRSN","",FALSE,"Year::Household::DrvAgePersons"
18,"VEHouseholdVehicles","CreateVehicleTable","Get","Household","Year","CarSvcLevel","","category","",FALSE,"Year::Household::CarSvcLevel"
18,"VEHouseholdVehicles","CreateVehicleTable","Set","Vehicle","Year","HhId","","ID","Unique household ID",FALSE,"Year::Vehicle::HhId"
18,"VEHouseholdVehicles","CreateVehicleTable","Set","Vehicle","Year","VehId","","ID","Unique vehicle ID",FALSE,"Year::Vehicle::VehId"
18,"VEHouseholdVehicles","CreateVehicleTable","Set","Vehicle","Year","Azone","","ID","Azone ID",FALSE,"Year::Vehicle::Azone"
18,"VEHouseholdVehicles","CreateVehicleTable","Set","Vehicle","Year","Marea","","ID","Marea ID",FALSE,"Year::Vehicle::Marea"
18,"VEHouseholdVehicles","CreateVehicleTable","Set","Vehicle","Year","VehicleAccess","","category","Identifier whether vehicle is owned by household (Own), if vehicle is low level car service (LowCarSvc), or if vehicle is high level car service (HighCarSvc)",FALSE,"Year::Vehicle::VehicleAccess"
18,"VEHouseholdVehicles","CreateVehicleTable","Set","Vehicle","Year","Type","","category","Vehicle body type: Auto = automobile, LtTrk = light trucks (i.e. pickup, SUV, Van)",FALSE,"Year::Vehicle::Type"
19,"VEHouseholdVehicles","AssignVehicleAge","Inp","Azone","Year","AutoMeanAge","azone_hh_veh_mean_age.csv","YR","Mean age of automobiles owned or leased by households.",FALSE,"Year::Azone::AutoMeanAge"
19,"VEHouseholdVehicles","AssignVehicleAge","Inp","Azone","Year","LtTrkMeanAge","azone_hh_veh_mean_age.csv","YR","Mean age of light trucks owned or leased by households.",FALSE,"Year::Azone::LtTrkMeanAge"
19,"VEHouseholdVehicles","AssignVehicleAge","Get","Azone","Year","Azone","","ID","",FALSE,"Year::Azone::Azone"
19,"VEHouseholdVehicles","AssignVehicleAge","Get","Azone","Year","AutoMeanAge","","YR","",FALSE,"Year::Azone::AutoMeanAge"
19,"VEHouseholdVehicles","AssignVehicleAge","Get","Azone","Year","LtTrkMeanAge","","YR","",FALSE,"Year::Azone::LtTrkMeanAge"
19,"VEHouseholdVehicles","AssignVehicleAge","Get","Household","Year","Azone","","ID","",FALSE,"Year::Household::Azone"
19,"VEHouseholdVehicles","AssignVehicleAge","Get","Household","Year","HhId","","ID","",FALSE,"Year::Household::HhId"
19,"VEHouseholdVehicles","AssignVehicleAge","Get","Household","Year","Income","","USD.2001","",FALSE,"Year::Household::Income"
19,"VEHouseholdVehicles","AssignVehicleAge","Get","Vehicle","Year","Azone","","ID","",FALSE,"Year::Vehicle::Azone"
19,"VEHouseholdVehicles","AssignVehicleAge","Get","Vehicle","Year","HhId","","ID","",FALSE,"Year::Vehicle::HhId"
19,"VEHouseholdVehicles","AssignVehicleAge","Get","Vehicle","Year","VehId","","ID","",FALSE,"Year::Vehicle::VehId"
19,"VEHouseholdVehicles","AssignVehicleAge","Get","Vehicle","Year","VehicleAccess","","category","",FALSE,"Year::Vehicle::VehicleAccess"
19,"VEHouseholdVehicles","AssignVehicleAge","Get","Vehicle","Year","Type","","category","",FALSE,"Year::Vehicle::Type"
19,"VEHouseholdVehicles","AssignVehicleAge","Get","Azone","Year","AveCarSvcVehicleAge","","YR","",FALSE,"Year::Azone::AveCarSvcVehicleAge"
19,"VEHouseholdVehicles","AssignVehicleAge","Set","Vehicle","Year","Age","","YR","Vehicle age in years",FALSE,"Year::Vehicle::Age"
20,"VEHouseholdVehicles","CalculateVehicleOwnCost","Inp","Azone","Year","VehOwnFlatRateFee","azone_hh_veh_own_taxes.csv","USD","Annual flat rate tax per vehicle in dollars",FALSE,"Year::Azone::VehOwnFlatRateFee"
20,"VEHouseholdVehicles","CalculateVehicleOwnCost","Inp","Azone","Year","VehOwnAdValoremTax","azone_hh_veh_own_taxes.csv","proportion","Annual proportion of vehicle value paid in taxes",FALSE,"Year::Azone::VehOwnAdValoremTax"
20,"VEHouseholdVehicles","CalculateVehicleOwnCost","Inp","Azone","Year","PaydHhProp","azone_payd_insurance_prop.csv","proportion","Proportion of households in the Azone who have pay-as-you-drive insurance for their vehicles",FALSE,"Year::Azone::PaydHhProp"
20,"VEHouseholdVehicles","CalculateVehicleOwnCost","Get","Azone","Year","Azone","","ID","",FALSE,"Year::Azone::Azone"
20,"VEHouseholdVehicles","CalculateVehicleOwnCost","Get","Azone","Year","VehOwnFlatRateFee","","USD.2017","",FALSE,"Year::Azone::VehOwnFlatRateFee"
20,"VEHouseholdVehicles","CalculateVehicleOwnCost","Get","Azone","Year","VehOwnAdValoremTax","","proportion","",FALSE,"Year::Azone::VehOwnAdValoremTax"
20,"VEHouseholdVehicles","CalculateVehicleOwnCost","Get","Azone","Year","PaydHhProp","","proportion","",FALSE,"Year::Azone::PaydHhProp"
20,"VEHouseholdVehicles","CalculateVehicleOwnCost","Get","Household","Year","Azone","","ID","",FALSE,"Year::Household::Azone"
20,"VEHouseholdVehicles","CalculateVehicleOwnCost","Get","Household","Year","HhId","","ID","",FALSE,"Year::Household::HhId"
20,"VEHouseholdVehicles","CalculateVehicleOwnCost","Get","Household","Year","Vehicles","","VEH","",FALSE,"Year::Household::Vehicles"
20,"VEHouseholdVehicles","CalculateVehicleOwnCost","Get","Vehicle","Year","HhId","","ID","",FALSE,"Year::Vehicle::HhId"
20,"VEHouseholdVehicles","CalculateVehicleOwnCost","Get","Vehicle","Year","Azone","","ID","",FALSE,"Year::Vehicle::Azone"
20,"VEHouseholdVehicles","CalculateVehicleOwnCost","Get","Vehicle","Year","VehId","","ID","",FALSE,"Year::Vehicle::VehId"
20,"VEHouseholdVehicles","CalculateVehicleOwnCost","Get","Vehicle","Year","VehicleAccess","","category","",FALSE,"Year::Vehicle::VehicleAccess"
20,"VEHouseholdVehicles","CalculateVehicleOwnCost","Get","Vehicle","Year","Type","","category","",FALSE,"Year::Vehicle::Type"
20,"VEHouseholdVehicles","CalculateVehicleOwnCost","Get","Vehicle","Year","Age","","YR","",FALSE,"Year::Vehicle::Age"
20,"VEHouseholdVehicles","CalculateVehicleOwnCost","Get","Household","Year","FreeParkingSpaces","","parking spaces","",FALSE,"Year::Household::FreeParkingSpaces"
20,"VEHouseholdVehicles","CalculateVehicleOwnCost","Get","Household","Year","ParkingUnitCost","","USD.2017","",FALSE,"Year::Household::ParkingUnitCost"
20,"VEHouseholdVehicles","CalculateVehicleOwnCost","Get","Household","Year","Drivers","","PRSN","",FALSE,"Year::Household::Drivers"
20,"VEHouseholdVehicles","CalculateVehicleOwnCost","Get","Household","Year","Drv15to19","","PRSN","",FALSE,"Year::Household::Drv15to19"
20,"VEHouseholdVehicles","CalculateVehicleOwnCost","Get","Household","Year","Drv20to29","","PRSN","",FALSE,"Year::Household::Drv20to29"
20,"VEHouseholdVehicles","CalculateVehicleOwnCost","Get","Household","Year","Drv30to54","","PRSN","",FALSE,"Year::Household::Drv30to54"
20,"VEHouseholdVehicles","CalculateVehicleOwnCost","Get","Household","Year","Drv55to64","","PRSN","",FALSE,"Year::Household::Drv55to64"
20,"VEHouseholdVehicles","CalculateVehicleOwnCost","Get","Household","Year","Drv65Plus","","PRSN","",FALSE,"Year::Household::Drv65Plus"
20,"VEHouseholdVehicles","CalculateVehicleOwnCost","Get","Household","Year","Income","","USD.2005","",FALSE,"Year::Household::Income"
20,"VEHouseholdVehicles","CalculateVehicleOwnCost","Get","Household","Year","LocType","","category","",FALSE,"Year::Household::LocType"
20,"VEHouseholdVehicles","CalculateVehicleOwnCost","Get","Household","Year","NumLtTrk","","VEH","",FALSE,"Year::Household::NumLtTrk"
20,"VEHouseholdVehicles","CalculateVehicleOwnCost","Get","Household","Year","NumAuto","","VEH","",FALSE,"Year::Household::NumAuto"
20,"VEHouseholdVehicles","CalculateVehicleOwnCost","Set","Vehicle","Year","OwnCost","","USD.2017","Annual cost of vehicle ownership including depreciation, financing, insurance, taxes, and residential parking in dollars",FALSE,"Year::Vehicle::OwnCost"
20,"VEHouseholdVehicles","CalculateVehicleOwnCost","Set","Vehicle","Year","OwnCostPerMile","","USD.2017","Annual cost of vehicle ownership per mile of vehicle travel (dollars per mile)",FALSE,"Year::Vehicle::OwnCostPerMile"
20,"VEHouseholdVehicles","CalculateVehicleOwnCost","Set","Vehicle","Year","InsCost","","USD.2017","Annual vehicle insurance cost in dollars",FALSE,"Year::Vehicle::InsCost"
20,"VEHouseholdVehicles","CalculateVehicleOwnCost","Set","Household","Year","HasPaydIns","","binary","Identifies whether household has pay-as-you-drive insurance for vehicles: 1 = Yes, 0 = no",FALSE,"Year::Household::HasPaydIns"
21,"VEHouseholdVehicles","AdjustVehicleOwnership","Get","Azone","Year","Azone","","ID","",FALSE,"Year::Azone::Azone"
21,"VEHouseholdVehicles","AdjustVehicleOwnership","Get","Azone","Year","HighCarSvcCost","","USD","",FALSE,"Year::Azone::HighCarSvcCost"
21,"VEHouseholdVehicles","AdjustVehicleOwnership","Get","Azone","Year","LowCarSvcCost","","USD","",FALSE,"Year::Azone::LowCarSvcCost"
21,"VEHouseholdVehicles","AdjustVehicleOwnership","Get","Azone","Year","AveCarSvcVehicleAge","","YR","",FALSE,"Year::Azone::AveCarSvcVehicleAge"
21,"VEHouseholdVehicles","AdjustVehicleOwnership","Get","Azone","Year","LtTrkCarSvcSubProp","","proportion","",FALSE,"Year::Azone::LtTrkCarSvcSubProp"
21,"VEHouseholdVehicles","AdjustVehicleOwnership","Get","Azone","Year","AutoCarSvcSubProp","","proportion","",FALSE,"Year::Azone::AutoCarSvcSubProp"
21,"VEHouseholdVehicles","AdjustVehicleOwnership","Get","Household","Year","HhId","","ID","",FALSE,"Year::Household::HhId"
21,"VEHouseholdVehicles","AdjustVehicleOwnership","Get","Household","Year","Vehicles","","VEH","",FALSE,"Year::Household::Vehicles"
21,"VEHouseholdVehicles","AdjustVehicleOwnership","Get","Household","Year","NumLtTrk","","VEH","",FALSE,"Year::Household::NumLtTrk"
21,"VEHouseholdVehicles","AdjustVehicleOwnership","Get","Household","Year","NumAuto","","VEH","",FALSE,"Year::Household::NumAuto"
21,"VEHouseholdVehicles","AdjustVehicleOwnership","Get","Household","Year","CarSvcLevel","","category","",FALSE,"Year::Household::CarSvcLevel"
21,"VEHouseholdVehicles","AdjustVehicleOwnership","Get","Vehicle","Year","Azone","","ID","",FALSE,"Year::Vehicle::Azone"
21,"VEHouseholdVehicles","AdjustVehicleOwnership","Get","Vehicle","Year","HhId","","ID","",FALSE,"Year::Vehicle::HhId"
21,"VEHouseholdVehicles","AdjustVehicleOwnership","Get","Vehicle","Year","VehId","","ID","",FALSE,"Year::Vehicle::VehId"
21,"VEHouseholdVehicles","AdjustVehicleOwnership","Get","Vehicle","Year","VehicleAccess","","category","",FALSE,"Year::Vehicle::VehicleAccess"
21,"VEHouseholdVehicles","AdjustVehicleOwnership","Get","Vehicle","Year","Type","","category","",FALSE,"Year::Vehicle::Type"
21,"VEHouseholdVehicles","AdjustVehicleOwnership","Get","Vehicle","Year","Age","","YR","",FALSE,"Year::Vehicle::Age"
21,"VEHouseholdVehicles","AdjustVehicleOwnership","Get","Vehicle","Year","OwnCost","","USD","",FALSE,"Year::Vehicle::OwnCost"
21,"VEHouseholdVehicles","AdjustVehicleOwnership","Get","Vehicle","Year","OwnCostPerMile","","USD","",FALSE,"Year::Vehicle::OwnCostPerMile"
21,"VEHouseholdVehicles","AdjustVehicleOwnership","Get","Vehicle","Year","InsCost","","USD","",FALSE,"Year::Vehicle::InsCost"
21,"VEHouseholdVehicles","AdjustVehicleOwnership","Set","Vehicle","Year","Age","","YR","Vehicle age in years",FALSE,"Year::Vehicle::Age"
21,"VEHouseholdVehicles","AdjustVehicleOwnership","Set","Vehicle","Year","VehicleAccess","","category","Identifier whether vehicle is owned by household (Own), if vehicle is low level car service (LowCarSvc), or if vehicle is high level car service (HighCarSvc)",FALSE,"Year::Vehicle::VehicleAccess"
21,"VEHouseholdVehicles","AdjustVehicleOwnership","Set","Vehicle","Year","OwnCost","","USD","Annual cost of vehicle ownership including depreciation, financing, insurance, taxes, and residential parking in dollars",FALSE,"Year::Vehicle::OwnCost"
21,"VEHouseholdVehicles","AdjustVehicleOwnership","Set","Vehicle","Year","OwnCostPerMile","","USD","Annual cost of vehicle ownership per mile of vehicle travel (dollars per mile)",FALSE,"Year::Vehicle::OwnCostPerMile"
21,"VEHouseholdVehicles","AdjustVehicleOwnership","Set","Vehicle","Year","InsCost","","USD","Annual vehicle insurance cost in dollars",FALSE,"Year::Vehicle::InsCost"
21,"VEHouseholdVehicles","AdjustVehicleOwnership","Set","Vehicle","Year","SwitchToCarSvc","","binary","Identifies whether a vehicle was switched from owned to car service",FALSE,"Year::Vehicle::SwitchToCarSvc"
21,"VEHouseholdVehicles","AdjustVehicleOwnership","Set","Household","Year","OwnCostSavings","","USD","Annual vehicle ownership cost (depreciation, finance, insurance, taxes) savings in dollars resulting from substituting the use of car services for a household vehicle",FALSE,"Year::Household::OwnCostSavings"
21,"VEHouseholdVehicles","AdjustVehicleOwnership","Set","Household","Year","OwnCost","","USD","Annual household vehicle ownership cost (depreciation, finance, insurance, taxes) savings in dollars",FALSE,"Year::Household::OwnCost"
21,"VEHouseholdVehicles","AdjustVehicleOwnership","Set","Household","Year","Vehicles","","VEH","Number of automobiles and light trucks owned or leased by the household including high level car service vehicles available to driving-age persons",FALSE,"Year::Household::Vehicles"
21,"VEHouseholdVehicles","AdjustVehicleOwnership","Set","Household","Year","NumLtTrk","","VEH","Number of light trucks (pickup, sport-utility vehicle, and van) owned or leased by household",FALSE,"Year::Household::NumLtTrk"
21,"VEHouseholdVehicles","AdjustVehicleOwnership","Set","Household","Year","NumAuto","","VEH","Number of automobiles (i.e. 4-tire passenger vehicles that are not light trucks) owned or leased by household",FALSE,"Year::Household::NumAuto"
21,"VEHouseholdVehicles","AdjustVehicleOwnership","Set","Household","Year","NumHighCarSvc","","VEH","Number of high level service car service vehicles available to the household (difference between number of vehicles owned by the household and number of driving age persons for households having availability of high level car services",FALSE,"Year::Household::NumHighCarSvc"
22,"VETravelDemandMM","CalculateHouseholdDvmt","Inp","Marea","Year","CENSUS_R","marea_census_r.csv","category","CENSUS_R",FALSE,"Year::Marea::CENSUS_R"
22,"VETravelDemandMM","CalculateHouseholdDvmt","Get","Household","Year","HhId","","ID","",FALSE,"Year::Household::HhId"
22,"VETravelDemandMM","CalculateHouseholdDvmt","Get","Household","Year","HhSize","","PRSN","",FALSE,"Year::Household::HhSize"
22,"VETravelDemandMM","CalculateHouseholdDvmt","Get","Household","Year","Workers","","PRSN","",FALSE,"Year::Household::Workers"
22,"VETravelDemandMM","CalculateHouseholdDvmt","Get","Household","Year","Drivers","","PRSN","",FALSE,"Year::Household::Drivers"
22,"VETravelDemandMM","CalculateHouseholdDvmt","Get","Household","Year","Age0to14","","PRSN","",FALSE,"Year::Household::Age0to14"
22,"VETravelDemandMM","CalculateHouseholdDvmt","Get","Household","Year","Age65Plus","","PRSN","",FALSE,"Year::Household::Age65Plus"
22,"VETravelDemandMM","CalculateHouseholdDvmt","Get","Household","Year","Income","","USD.2009","",FALSE,"Year::Household::Income"
22,"VETravelDemandMM","CalculateHouseholdDvmt","Get","Household","Year","LifeCycle","","category","",FALSE,"Year::Household::LifeCycle"
22,"VETravelDemandMM","CalculateHouseholdDvmt","Get","Household","Year","Vehicles","","VEH","",FALSE,"Year::Household::Vehicles"
22,"VETravelDemandMM","CalculateHouseholdDvmt","Get","Household","Year","LocType","","category","Location type (Urban, Town, Rural) of the place where the household resides",FALSE,"Year::Household::LocType"
22,"VETravelDemandMM","CalculateHouseholdDvmt","Get","Household","Year","Bzone","","none","",FALSE,"Year::Household::Bzone"
22,"VETravelDemandMM","CalculateHouseholdDvmt","Get","Bzone","Year","Bzone","","none","",FALSE,"Year::Bzone::Bzone"
22,"VETravelDemandMM","CalculateHouseholdDvmt","Get","Bzone","Year","D1B","","PRSN/SQM","",FALSE,"Year::Bzone::D1B"
22,"VETravelDemandMM","CalculateHouseholdDvmt","Get","Bzone","Year","D2A_WRKEMP","","PRSN/JOB","",FALSE,"Year::Bzone::D2A_WRKEMP"
22,"VETravelDemandMM","CalculateHouseholdDvmt","Get","Bzone","Year","D2A_EPHHM","","employment & household entropy","",FALSE,"Year::Bzone::D2A_EPHHM"
22,"VETravelDemandMM","CalculateHouseholdDvmt","Get","Bzone","Year","D3bpo4","","pedestrian-oriented intersections per square mile","",FALSE,"Year::Bzone::D3bpo4"
22,"VETravelDemandMM","CalculateHouseholdDvmt","Get","Bzone","Year","D4c","","aggregate peak period transit service","",FALSE,"Year::Bzone::D4c"
22,"VETravelDemandMM","CalculateHouseholdDvmt","Get","Marea","Year","Marea","","none","",FALSE,"Year::Marea::Marea"
22,"VETravelDemandMM","CalculateHouseholdDvmt","Get","Marea","Year","CENSUS_R","","category","",FALSE,"Year::Marea::CENSUS_R"
22,"VETravelDemandMM","CalculateHouseholdDvmt","Get","Marea","Year","FwyLaneMiPC","","MI/PRSN","",FALSE,"Year::Marea::FwyLaneMiPC"
22,"VETravelDemandMM","CalculateHouseholdDvmt","Get","Marea","Year","TranRevMiPC","","MI/PRSN","",FALSE,"Year::Marea::TranRevMiPC"
22,"VETravelDemandMM","CalculateHouseholdDvmt","Get","Household","Year","Marea","","ID","",FALSE,"Year::Household::Marea"
22,"VETravelDemandMM","CalculateHouseholdDvmt","Get","Household","Year","LocType","","category","",FALSE,"Year::Household::LocType"
22,"VETravelDemandMM","CalculateHouseholdDvmt","Set","Household","Year","Dvmt","","MI/DAY","Average daily vehicle miles traveled by the household in autos or light trucks",FALSE,"Year::Household::Dvmt"
22,"VETravelDemandMM","CalculateHouseholdDvmt","Set","Marea","Year","UrbanHhDvmt","","MI/DAY","Average daily vehicle miles traveled in autos or light trucks by households residing in the urbanized portion of the Marea",FALSE,"Year::Marea::UrbanHhDvmt"
22,"VETravelDemandMM","CalculateHouseholdDvmt","Set","Marea","Year","TownHhDvmt","","MI/DAY","Average daily vehicle miles traveled in autos or light trucks by households residing in town (urban but not urbanized) portion of the Marea",FALSE,"Year::Marea::TownHhDvmt"
22,"VETravelDemandMM","CalculateHouseholdDvmt","Set","Marea","Year","RuralHhDvmt","","MI/DAY","Average daily vehicle miles traveled in autos or light trucks by households residing in the rural (non-urban) portion of the Marea",FALSE,"Year::Marea::RuralHhDvmt"
23,"VETravelDemandMM","CalculateAltModeTrips","Inp","Marea","Year","CENSUS_R","marea_census_r.csv","category","CENSUS_R",FALSE,"Year::Marea::CENSUS_R"
23,"VETravelDemandMM","CalculateAltModeTrips","Get","Household","Year","HhId","","ID","",FALSE,"Year::Household::HhId"
23,"VETravelDemandMM","CalculateAltModeTrips","Get","Household","Year","Dvmt","","MI/DAY","Average daily vehicle miles traveled by the household in autos or light trucks",FALSE,"Year::Household::Dvmt"
23,"VETravelDemandMM","CalculateAltModeTrips","Get","Household","Year","HhSize","","PRSN","",FALSE,"Year::Household::HhSize"
23,"VETravelDemandMM","CalculateAltModeTrips","Get","Household","Year","Workers","","PRSN","",FALSE,"Year::Household::Workers"
23,"VETravelDemandMM","CalculateAltModeTrips","Get","Household","Year","Drivers","","PRSN","",FALSE,"Year::Household::Drivers"
23,"VETravelDemandMM","CalculateAltModeTrips","Get","Household","Year","Age0to14","","PRSN","",FALSE,"Year::Household::Age0to14"
23,"VETravelDemandMM","CalculateAltModeTrips","Get","Household","Year","Age65Plus","","PRSN","",FALSE,"Year::Household::Age65Plus"
23,"VETravelDemandMM","CalculateAltModeTrips","Get","Household","Year","Income","","USD.2009","",FALSE,"Year::Household::Income"
23,"VETravelDemandMM","CalculateAltModeTrips","Get","Household","Year","LifeCycle","","category","",FALSE,"Year::Household::LifeCycle"
23,"VETravelDemandMM","CalculateAltModeTrips","Get","Household","Year","Vehicles","","VEH","",FALSE,"Year::Household::Vehicles"
23,"VETravelDemandMM","CalculateAltModeTrips","Get","Household","Year","Bzone","","none","",FALSE,"Year::Household::Bzone"
23,"VETravelDemandMM","CalculateAltModeTrips","Get","Household","Year","Marea","","ID","",FALSE,"Year::Household::Marea"
23,"VETravelDemandMM","CalculateAltModeTrips","Get","Household","Year","LocType","","category","Location type (Urban, Town, Rural) of the place where the household resides",FALSE,"Year::Household::LocType"
23,"VETravelDemandMM","CalculateAltModeTrips","Get","Bzone","Year","Bzone","","none","",FALSE,"Year::Bzone::Bzone"
23,"VETravelDemandMM","CalculateAltModeTrips","Get","Bzone","Year","D1B","","PRSN/ACRE","",FALSE,"Year::Bzone::D1B"
23,"VETravelDemandMM","CalculateAltModeTrips","Get","Bzone","Year","D2A_WRKEMP","","PRSN/JOB","",FALSE,"Year::Bzone::D2A_WRKEMP"
23,"VETravelDemandMM","CalculateAltModeTrips","Get","Bzone","Year","D2A_EPHHM","","employment & household entropy","",FALSE,"Year::Bzone::D2A_EPHHM"
23,"VETravelDemandMM","CalculateAltModeTrips","Get","Bzone","Year","D3bpo4","","pedestrian-oriented intersections per square mile","",FALSE,"Year::Bzone::D3bpo4"
23,"VETravelDemandMM","CalculateAltModeTrips","Get","Bzone","Year","D4c","","aggregate peak period transit service","",FALSE,"Year::Bzone::D4c"
23,"VETravelDemandMM","CalculateAltModeTrips","Get","Bzone","Year","D5","","NA","",FALSE,"Year::Bzone::D5"
23,"VETravelDemandMM","CalculateAltModeTrips","Get","Marea","Year","Marea","","none","",FALSE,"Year::Marea::Marea"
23,"VETravelDemandMM","CalculateAltModeTrips","Get","Marea","Year","CENSUS_R","","category","",FALSE,"Year::Marea::CENSUS_R"
23,"VETravelDemandMM","CalculateAltModeTrips","Get","Marea","Year","FwyLaneMiPC","","MI/PRSN","",FALSE,"Year::Marea::FwyLaneMiPC"
23,"VETravelDemandMM","CalculateAltModeTrips","Get","Marea","Year","TranRevMiPC","","MI/PRSN","",FALSE,"Year::Marea::TranRevMiPC"
23,"VETravelDemandMM","CalculateAltModeTrips","Set","Household","Year","WalkTrips","","TRIP/YR","Average number of walk trips per year by household members",FALSE,"Year::Household::WalkTrips"
23,"VETravelDemandMM","CalculateAltModeTrips","Set","Household","Year","BikeTrips","","TRIP/YR","Average number of bicycle trips per year by household members",FALSE,"Year::Household::BikeTrips"
23,"VETravelDemandMM","CalculateAltModeTrips","Set","Household","Year","TransitTrips","","TRIP/YR","Average number of public transit trips per year by household members",FALSE,"Year::Household::TransitTrips"
23,"VETravelDemandMM","CalculateAltModeTrips","Set","Household","Year","WalkAvgTripDist","","MI","Daily walking average trip length",FALSE,"Year::Household::WalkAvgTripDist"
23,"VETravelDemandMM","CalculateAltModeTrips","Set","Household","Year","BikeAvgTripDist","","MI","Daily biking average trip length",FALSE,"Year::Household::BikeAvgTripDist"
23,"VETravelDemandMM","CalculateAltModeTrips","Set","Household","Year","TransitAvgTripDist","","MI","Daily transit average trip length",FALSE,"Year::Household::TransitAvgTripDist"
23,"VETravelDemandMM","CalculateAltModeTrips","Set","Household","Year","WalkPMT","","MI","Daily walking person miles traveled by all members of the household",FALSE,"Year::Household::WalkPMT"
23,"VETravelDemandMM","CalculateAltModeTrips","Set","Household","Year","BikePMT","","MI","Daily biking person miles traveled by all members of the household",FALSE,"Year::Household::BikePMT"
23,"VETravelDemandMM","CalculateAltModeTrips","Set","Household","Year","TransitPMT","","MI","Daily transit person miles traveled by all members of the household",FALSE,"Year::Household::TransitPMT"
24,"VEHouseholdTravel","CalculateVehicleTrips","Get","Marea","Year","Marea","","ID","",FALSE,"Year::Marea::Marea"
24,"VEHouseholdTravel","CalculateVehicleTrips","Get","Marea","Year","FwyLaneMiPC","","MI/PRSN","",FALSE,"Year::Marea::FwyLaneMiPC"
24,"VEHouseholdTravel","CalculateVehicleTrips","Get","Bzone","Year","Marea","","ID","",FALSE,"Year::Bzone::Marea"
24,"VEHouseholdTravel","CalculateVehicleTrips","Get","Bzone","Year","Bzone","","ID","",FALSE,"Year::Bzone::Bzone"
24,"VEHouseholdTravel","CalculateVehicleTrips","Get","Bzone","Year","D1B","","PRSN/SQMI","",FALSE,"Year::Bzone::D1B"
24,"VEHouseholdTravel","CalculateVehicleTrips","Get","Household","Year","Marea","","ID","",FALSE,"Year::Household::Marea"
24,"VEHouseholdTravel","CalculateVehicleTrips","Get","Household","Year","Bzone","","ID","",FALSE,"Year::Household::Bzone"
24,"VEHouseholdTravel","CalculateVehicleTrips","Get","Household","Year","LocType","","category","",FALSE,"Year::Household::LocType"
24,"VEHouseholdTravel","CalculateVehicleTrips","Get","Household","Year","Income","","USD.2001","",FALSE,"Year::Household::Income"
24,"VEHouseholdTravel","CalculateVehicleTrips","Get","Household","Year","Drivers","","PRSN","",FALSE,"Year::Household::Drivers"
24,"VEHouseholdTravel","CalculateVehicleTrips","Get","Household","Year","Vehicles","","VEH","",FALSE,"Year::Household::Vehicles"
24,"VEHouseholdTravel","CalculateVehicleTrips","Get","Household","Year","HhSize","","PRSN","",FALSE,"Year::Household::HhSize"
24,"VEHouseholdTravel","CalculateVehicleTrips","Get","Household","Year","IsUrbanMixNbrhd","","binary","",FALSE,"Year::Household::IsUrbanMixNbrhd"
24,"VEHouseholdTravel","CalculateVehicleTrips","Get","Household","Year","Dvmt","","MI/DAY","",FALSE,"Year::Household::Dvmt"
24,"VEHouseholdTravel","CalculateVehicleTrips","Set","Household","Year","VehicleTrips","","TRIP/DAY","Average number of vehicle trips per day by household members",FALSE,"Year::Household::VehicleTrips"
24,"VEHouseholdTravel","CalculateVehicleTrips","Set","Household","Year","AveVehTripLen","","MI","Average household vehicle trip length in miles",FALSE,"Year::Household::AveVehTripLen"
25,"VEHouseholdTravel","DivertSovTravel","Inp","Azone","Year","PropSovDvmtDiverted","azone_prop_sov_dvmt_diverted.csv","Proportion","Goals for the proportion of household DVMT in single occupant vehicle tours with round-trip distances of 20 miles or less be diverted to bicycling or other slow speed modes of travel",FALSE,"Year::Azone::PropSovDvmtDiverted"
25,"VEHouseholdTravel","DivertSovTravel","Get","Marea","Year","Marea","","ID","",FALSE,"Year::Marea::Marea"
25,"VEHouseholdTravel","DivertSovTravel","Get","Marea","Year","FwyLaneMiPC","","MI/PRSN","",FALSE,"Year::Marea::FwyLaneMiPC"
25,"VEHouseholdTravel","DivertSovTravel","Get","Azone","Year","Azone","","ID","",FALSE,"Year::Azone::Azone"
25,"VEHouseholdTravel","DivertSovTravel","Get","Azone","Year","PropSovDvmtDiverted","","Proportion","",FALSE,"Year::Azone::PropSovDvmtDiverted"
25,"VEHouseholdTravel","DivertSovTravel","Get","Bzone","Year","Bzone","","ID","",FALSE,"Year::Bzone::Bzone"
25,"VEHouseholdTravel","DivertSovTravel","Get","Bzone","Year","D1B","","PRSN/SQMI","",FALSE,"Year::Bzone::D1B"
25,"VEHouseholdTravel","DivertSovTravel","Get","Household","Year","Marea","","ID","",FALSE,"Year::Household::Marea"
25,"VEHouseholdTravel","DivertSovTravel","Get","Household","Year","Azone","","ID","",FALSE,"Year::Household::Azone"
25,"VEHouseholdTravel","DivertSovTravel","Get","Household","Year","Bzone","","ID","",FALSE,"Year::Household::Bzone"
25,"VEHouseholdTravel","DivertSovTravel","Get","Household","Year","HhId","","ID","",FALSE,"Year::Household::HhId"
25,"VEHouseholdTravel","DivertSovTravel","Get","Household","Year","Dvmt","","MI/DAY","",FALSE,"Year::Household::Dvmt"
25,"VEHouseholdTravel","DivertSovTravel","Get","Household","Year","Vehicles","","VEH","",FALSE,"Year::Household::Vehicles"
25,"VEHouseholdTravel","DivertSovTravel","Get","Household","Year","HhSize","","PRSN","",FALSE,"Year::Household::HhSize"
25,"VEHouseholdTravel","DivertSovTravel","Get","Household","Year","Age0to14","","PRSN","",FALSE,"Year::Household::Age0to14"
25,"VEHouseholdTravel","DivertSovTravel","Get","Household","Year","Age15to19","","PRSN","",FALSE,"Year::Household::Age15to19"
25,"VEHouseholdTravel","DivertSovTravel","Get","Household","Year","Drivers","","PRSN","",FALSE,"Year::Household::Drivers"
25,"VEHouseholdTravel","DivertSovTravel","Get","Household","Year","Income","","USD.2001","",FALSE,"Year::Household::Income"
25,"VEHouseholdTravel","DivertSovTravel","Get","Household","Year","LocType","","category","",FALSE,"Year::Household::LocType"
25,"VEHouseholdTravel","DivertSovTravel","Get","Household","Year","IsUrbanMixNbrhd","","binary","",FALSE,"Year::Household::IsUrbanMixNbrhd"
25,"VEHouseholdTravel","DivertSovTravel","Get","Household","Year","HouseType","","category","",FALSE,"Year::Household::HouseType"
25,"VEHouseholdTravel","DivertSovTravel","Set","Household","Year","PropDvmtDiverted","","proportion","Proportion of household DVMT diverted to bicycling, electric bikes, or other 'low-speed' travel modes",FALSE,"Year::Household::PropDvmtDiverted"
25,"VEHouseholdTravel","DivertSovTravel","Set","Household","Year","AveTrpLenDiverted","","MI","Average length in miles of vehicle trips diverted to bicycling, electric bikes, or other 'low-speed' travel modes",FALSE,"Year::Household::AveTrpLenDiverted"
25,"VEHouseholdTravel","DivertSovTravel","Set","Household","Year","SovDvmtProp","","proportion","Proportion of household DVMT in single-occupant vehicle trips",FALSE,"Year::Household::SovDvmtProp"
26,"VEPowertrainsAndFuels","CalculateCarbonIntensity","Get","Azone","Year","Azone","","ID","",FALSE,"Year::Azone::Azone"
26,"VEPowertrainsAndFuels","CalculateCarbonIntensity","Get","Marea","Year","Marea","","ID","",FALSE,"Year::Marea::Marea"
26,"VEPowertrainsAndFuels","CalculateCarbonIntensity","Get","Azone","Year","ElectricityCI","","GM/MJ","",TRUE,"Year::Azone::ElectricityCI"
26,"VEPowertrainsAndFuels","CalculateCarbonIntensity","Get","Marea","Year","TransitEthanolPropGasoline","","proportion","",TRUE,"Year::Marea::TransitEthanolPropGasoline"
26,"VEPowertrainsAndFuels","CalculateCarbonIntensity","Get","Marea","Year","TransitBiodieselPropDiesel","","proportion","",TRUE,"Year::Marea::TransitBiodieselPropDiesel"
26,"VEPowertrainsAndFuels","CalculateCarbonIntensity","Get","Marea","Year","TransitRngPropCng","","proportion","",TRUE,"Year::Marea::TransitRngPropCng"
26,"VEPowertrainsAndFuels","CalculateCarbonIntensity","Get","Marea","Year","VanPropDiesel","","proportion","",TRUE,"Year::Marea::VanPropDiesel"
26,"VEPowertrainsAndFuels","CalculateCarbonIntensity","Get","Marea","Year","VanPropGasoline","","proportion","",TRUE,"Year::Marea::VanPropGasoline"
26,"VEPowertrainsAndFuels","CalculateCarbonIntensity","Get","Marea","Year","VanPropCng","","proportion","",TRUE,"Year::Marea::VanPropCng"
26,"VEPowertrainsAndFuels","CalculateCarbonIntensity","Get","Marea","Year","BusPropDiesel","","proportion","",TRUE,"Year::Marea::BusPropDiesel"
26,"VEPowertrainsAndFuels","CalculateCarbonIntensity","Get","Marea","Year","BusPropGasoline","","proportion","",TRUE,"Year::Marea::BusPropGasoline"
26,"VEPowertrainsAndFuels","CalculateCarbonIntensity","Get","Marea","Year","BusPropCng","","proportion","",TRUE,"Year::Marea::BusPropCng"
26,"VEPowertrainsAndFuels","CalculateCarbonIntensity","Get","Marea","Year","RailPropDiesel","","proportion","",TRUE,"Year::Marea::RailPropDiesel"
26,"VEPowertrainsAndFuels","CalculateCarbonIntensity","Get","Marea","Year","RailPropGasoline","","proportion","",TRUE,"Year::Marea::RailPropGasoline"
26,"VEPowertrainsAndFuels","CalculateCarbonIntensity","Get","Region","Year","HhFuelCI","","GM/MJ","",TRUE,"Year::Region::HhFuelCI"
26,"VEPowertrainsAndFuels","CalculateCarbonIntensity","Get","Region","Year","CarSvcFuelCI","","GM/MJ","",TRUE,"Year::Region::CarSvcFuelCI"
26,"VEPowertrainsAndFuels","CalculateCarbonIntensity","Get","Region","Year","ComSvcFuelCI","","GM/MJ","",TRUE,"Year::Region::ComSvcFuelCI"
26,"VEPowertrainsAndFuels","CalculateCarbonIntensity","Get","Region","Year","HvyTrkFuelCI","","GM/MJ","",TRUE,"Year::Region::HvyTrkFuelCI"
26,"VEPowertrainsAndFuels","CalculateCarbonIntensity","Get","Region","Year","TransitVanFuelCI","","GM/MJ","",TRUE,"Year::Region::TransitVanFuelCI"
26,"VEPowertrainsAndFuels","CalculateCarbonIntensity","Get","Region","Year","TransitBusFuelCI","","GM/MJ","",TRUE,"Year::Region::TransitBusFuelCI"
26,"VEPowertrainsAndFuels","CalculateCarbonIntensity","Get","Region","Year","TransitRailFuelCI","","GM/MJ","",TRUE,"Year::Region::TransitRailFuelCI"
26,"VEPowertrainsAndFuels","CalculateCarbonIntensity","Get","Marea","Year","TransitVanFuelCI","","GM/MJ","",TRUE,"Year::Marea::TransitVanFuelCI"
26,"VEPowertrainsAndFuels","CalculateCarbonIntensity","Get","Marea","Year","TransitBusFuelCI","","GM/MJ","",TRUE,"Year::Marea::TransitBusFuelCI"
26,"VEPowertrainsAndFuels","CalculateCarbonIntensity","Get","Marea","Year","TransitRailFuelCI","","GM/MJ","",TRUE,"Year::Marea::TransitRailFuelCI"
26,"VEPowertrainsAndFuels","CalculateCarbonIntensity","Set","Azone","Year","ElectricityCI","","GM/MJ","Carbon intensity of electricity at point of consumption (grams CO2e per megajoule)",FALSE,"Year::Azone::ElectricityCI"
26,"VEPowertrainsAndFuels","CalculateCarbonIntensity","Set","Region","Year","HhAutoFuelCI","","GM/MJ","Average carbon intensity of fuels used by household automobiles (grams CO2e per megajoule)",FALSE,"Year::Region::HhAutoFuelCI"
26,"VEPowertrainsAndFuels","CalculateCarbonIntensity","Set","Region","Year","HhLtTrkFuelCI","","GM/MJ","Average carbon intensity of fuels used by household light trucks (grams CO2e per megajoule)",FALSE,"Year::Region::HhLtTrkFuelCI"
26,"VEPowertrainsAndFuels","CalculateCarbonIntensity","Set","Region","Year","CarSvcAutoFuelCI","","GM/MJ","Average carbon intensity of fuels used by car service automobiles (grams CO2e per megajoule)",FALSE,"Year::Region::CarSvcAutoFuelCI"
26,"VEPowertrainsAndFuels","CalculateCarbonIntensity","Set","Region","Year","CarSvcLtTrkFuelCI","","GM/MJ","Average carbon intensity of fuels used by car service light trucks (grams CO2e per megajoule)",FALSE,"Year::Region::CarSvcLtTrkFuelCI"
26,"VEPowertrainsAndFuels","CalculateCarbonIntensity","Set","Region","Year","ComSvcAutoFuelCI","","GM/MJ","Average carbon intensity of fuels used by commercial service automobiles (grams CO2e per megajoule)",FALSE,"Year::Region::ComSvcAutoFuelCI"
26,"VEPowertrainsAndFuels","CalculateCarbonIntensity","Set","Region","Year","ComSvcLtTrkFuelCI","","GM/MJ","Average carbon intensity of fuels used by commercial service light trucks (grams CO2e per megajoule)",FALSE,"Year::Region::ComSvcLtTrkFuelCI"
26,"VEPowertrainsAndFuels","CalculateCarbonIntensity","Set","Region","Year","HvyTrkFuelCI","","GM/MJ","Average carbon intensity of fuels used by heavy trucks (grams CO2e per megajoule)",FALSE,"Year::Region::HvyTrkFuelCI"
26,"VEPowertrainsAndFuels","CalculateCarbonIntensity","Set","Marea","Year","TransitVanFuelCI","","GM/MJ","Average carbon intensity of fuel used by transit vans (grams CO2e per megajoule)",FALSE,"Year::Marea::TransitVanFuelCI"
26,"VEPowertrainsAndFuels","CalculateCarbonIntensity","Set","Marea","Year","TransitBusFuelCI","","GM/MJ","Average carbon intensity of fuel used by transit buses (grams CO2e per megajoule)",FALSE,"Year::Marea::TransitBusFuelCI"
26,"VEPowertrainsAndFuels","CalculateCarbonIntensity","Set","Marea","Year","TransitRailFuelCI","","GM/MJ","Average carbon intensity of fuel used by transit rail vehicles (grams CO2e per megajoule)",FALSE,"Year::Marea::TransitRailFuelCI"
27,"VEPowertrainsAndFuels","AssignHhVehiclePowertrain","Inp","Azone","Year","PropSFChargingAvail","azone_charging_availability.csv","proportion","Proportion of single-family dwellings in Azone that have PEV charging facilties installed or able to be installed",FALSE,"Year::Azone::PropSFChargingAvail"
27,"VEPowertrainsAndFuels","AssignHhVehiclePowertrain","Inp","Azone","Year","PropMFChargingAvail","azone_charging_availability.csv","proportion","Proportion of multi-family dwelling units in Azone that have PEV charging facilities available",FALSE,"Year::Azone::PropMFChargingAvail"
27,"VEPowertrainsAndFuels","AssignHhVehiclePowertrain","Inp","Azone","Year","PropGQChargingAvail","azone_charging_availability.csv","proportion","Proportion of group quarters dwelling units in Azone that have PEV charging facilities available",FALSE,"Year::Azone::PropGQChargingAvail"
27,"VEPowertrainsAndFuels","AssignHhVehiclePowertrain","Get","Region","Year","HhAutoFuelCI","","GM/MJ","",FALSE,"Year::Region::HhAutoFuelCI"
27,"VEPowertrainsAndFuels","AssignHhVehiclePowertrain","Get","Region","Year","HhLtTrkFuelCI","","GM/MJ","",FALSE,"Year::Region::HhLtTrkFuelCI"
27,"VEPowertrainsAndFuels","AssignHhVehiclePowertrain","Get","Region","Year","CarSvcAutoFuelCI","","GM/MJ","",FALSE,"Year::Region::CarSvcAutoFuelCI"
27,"VEPowertrainsAndFuels","AssignHhVehiclePowertrain","Get","Region","Year","CarSvcLtTrkFuelCI","","GM/MJ","",FALSE,"Year::Region::CarSvcLtTrkFuelCI"
27,"VEPowertrainsAndFuels","AssignHhVehiclePowertrain","Get","Region","Year","CarSvcAutoPropIcev","","proportion","",TRUE,"Year::Region::CarSvcAutoPropIcev"
27,"VEPowertrainsAndFuels","AssignHhVehiclePowertrain","Get","Region","Year","CarSvcAutoPropHev","","proportion","",TRUE,"Year::Region::CarSvcAutoPropHev"
27,"VEPowertrainsAndFuels","AssignHhVehiclePowertrain","Get","Region","Year","CarSvcAutoPropBev","","proportion","",TRUE,"Year::Region::CarSvcAutoPropBev"
27,"VEPowertrainsAndFuels","AssignHhVehiclePowertrain","Get","Region","Year","CarSvcLtTrkPropIcev","","proportion","",TRUE,"Year::Region::CarSvcLtTrkPropIcev"
27,"VEPowertrainsAndFuels","AssignHhVehiclePowertrain","Get","Region","Year","CarSvcLtTrkPropHev","","proportion","",TRUE,"Year::Region::CarSvcLtTrkPropHev"
27,"VEPowertrainsAndFuels","AssignHhVehiclePowertrain","Get","Region","Year","CarSvcLtTrkPropBev","","proportion","",TRUE,"Year::Region::CarSvcLtTrkPropBev"
27,"VEPowertrainsAndFuels","AssignHhVehiclePowertrain","Get","Marea","Year","Marea","","ID","",FALSE,"Year::Marea::Marea"
27,"VEPowertrainsAndFuels","AssignHhVehiclePowertrain","Get","Azone","Year","Marea","","ID","",FALSE,"Year::Azone::Marea"
27,"VEPowertrainsAndFuels","AssignHhVehiclePowertrain","Get","Azone","Year","Azone","","ID","",FALSE,"Year::Azone::Azone"
27,"VEPowertrainsAndFuels","AssignHhVehiclePowertrain","Get","Azone","Year","PropSFChargingAvail","","proportion","",FALSE,"Year::Azone::PropSFChargingAvail"
27,"VEPowertrainsAndFuels","AssignHhVehiclePowertrain","Get","Azone","Year","PropMFChargingAvail","","proportion","",FALSE,"Year::Azone::PropMFChargingAvail"
27,"VEPowertrainsAndFuels","AssignHhVehiclePowertrain","Get","Azone","Year","PropGQChargingAvail","","proportion","",FALSE,"Year::Azone::PropGQChargingAvail"
27,"VEPowertrainsAndFuels","AssignHhVehiclePowertrain","Get","Azone","Year","ElectricityCI","","GM/MJ","",FALSE,"Year::Azone::ElectricityCI"
27,"VEPowertrainsAndFuels","AssignHhVehiclePowertrain","Get","Household","Year","Azone","","ID","",FALSE,"Year::Household::Azone"
27,"VEPowertrainsAndFuels","AssignHhVehiclePowertrain","Get","Household","Year","HhId","","ID","",FALSE,"Year::Household::HhId"
27,"VEPowertrainsAndFuels","AssignHhVehiclePowertrain","Get","Household","Year","LocType","","category","",FALSE,"Year::Household::LocType"
27,"VEPowertrainsAndFuels","AssignHhVehiclePowertrain","Get","Household","Year","Vehicles","","VEH","",FALSE,"Year::Household::Vehicles"
27,"VEPowertrainsAndFuels","AssignHhVehiclePowertrain","Get","Household","Year","NumAuto","","VEH","",FALSE,"Year::Household::NumAuto"
27,"VEPowertrainsAndFuels","AssignHhVehiclePowertrain","Get","Household","Year","NumLtTrk","","VEH","",FALSE,"Year::Household::NumLtTrk"
27,"VEPowertrainsAndFuels","AssignHhVehiclePowertrain","Get","Household","Year","HouseType","","category","",FALSE,"Year::Household::HouseType"
27,"VEPowertrainsAndFuels","AssignHhVehiclePowertrain","Get","Household","Year","Dvmt","","MI/DAY","",FALSE,"Year::Household::Dvmt"
27,"VEPowertrainsAndFuels","AssignHhVehiclePowertrain","Get","Vehicle","Year","Marea","","ID","",FALSE,"Year::Vehicle::Marea"
27,"VEPowertrainsAndFuels","AssignHhVehiclePowertrain","Get","Vehicle","Year","Azone","","ID","",FALSE,"Year::Vehicle::Azone"
27,"VEPowertrainsAndFuels","AssignHhVehiclePowertrain","Get","Vehicle","Year","HhId","","ID","",FALSE,"Year::Vehicle::HhId"
27,"VEPowertrainsAndFuels","AssignHhVehiclePowertrain","Get","Vehicle","Year","VehId","","ID","",FALSE,"Year::Vehicle::VehId"
27,"VEPowertrainsAndFuels","AssignHhVehiclePowertrain","Get","Vehicle","Year","Type","","category","",FALSE,"Year::Vehicle::Type"
27,"VEPowertrainsAndFuels","AssignHhVehiclePowertrain","Get","Vehicle","Year","Age","","YR","",FALSE,"Year::Vehicle::Age"
27,"VEPowertrainsAndFuels","AssignHhVehiclePowertrain","Get","Vehicle","Year","VehicleAccess","","category","",FALSE,"Year::Vehicle::VehicleAccess"
27,"VEPowertrainsAndFuels","AssignHhVehiclePowertrain","Set","Vehicle","Year","Powertrain","","category","Vehicle powertrain type: ICEV = internal combustion engine vehicle, HEV = hybrid electric vehicle, PHEV = plug-in hybrid electric vehicle, BEV = battery electric vehicle, NA = not applicable because is a car service vehicle",FALSE,"Year::Vehicle::Powertrain"
27,"VEPowertrainsAndFuels","AssignHhVehiclePowertrain","Set","Vehicle","Year","BatRng","","MI","Miles of travel possible on fully charged battery",FALSE,"Year::Vehicle::BatRng"
27,"VEPowertrainsAndFuels","AssignHhVehiclePowertrain","Set","Vehicle","Year","MPG","","MI/GGE","Average miles of vehicle travel powered by fuel per gasoline equivalent gallon",FALSE,"Year::Vehicle::MPG"
27,"VEPowertrainsAndFuels","AssignHhVehiclePowertrain","Set","Vehicle","Year","GPM","","GGE/MI","Average gasoline equivalent gallons per mile of vehicle travel powered by fuel",FALSE,"Year::Vehicle::GPM"
27,"VEPowertrainsAndFuels","AssignHhVehiclePowertrain","Set","Vehicle","Year","MPKWH","","MI/KWH","Average miles of vehicle travel powered by electricity per kilowatt-hour",FALSE,"Year::Vehicle::MPKWH"
27,"VEPowertrainsAndFuels","AssignHhVehiclePowertrain","Set","Vehicle","Year","KWHPM","","KWH/MI","Average kilowatt-hours per mile of vehicle travel powered by electricity",FALSE,"Year::Vehicle::KWHPM"
27,"VEPowertrainsAndFuels","AssignHhVehiclePowertrain","Set","Vehicle","Year","MPGe","","MI/GGE","Average miles of vehicle travel per gasoline equivalent gallon (fuel and electric powered)",FALSE,"Year::Vehicle::MPGe"
27,"VEPowertrainsAndFuels","AssignHhVehiclePowertrain","Set","Vehicle","Year","ElecDvmtProp","","proportion","Proportion of DVMT powered by electricity",FALSE,"Year::Vehicle::ElecDvmtProp"
27,"VEPowertrainsAndFuels","AssignHhVehiclePowertrain","Set","Vehicle","Year","FuelCO2ePM","","GM/MI","Average grams of carbon-dioxide equivalents produced per mile of travel powered by fuel",FALSE,"Year::Vehicle::FuelCO2ePM"
27,"VEPowertrainsAndFuels","AssignHhVehiclePowertrain","Set","Vehicle","Year","ElecCO2ePM","","GM/MI","Average grams of carbon-dioxide equivalents produced per mile of travel powered by electricity",FALSE,"Year::Vehicle::ElecCO2ePM"
28,"VETravelPerformance","CalculateRoadDvmt","Get","Region","Global","HvyTrkDvmtGrowthBasis","","ID","",FALSE,"Global::Region::HvyTrkDvmtGrowthBasis"
28,"VETravelPerformance","CalculateRoadDvmt","Get","Region","Global","StateAbbrLookup","","ID","",FALSE,"Global::Region::StateAbbrLookup"
28,"VETravelPerformance","CalculateRoadDvmt","Get","Region","Global","HvyTrkDvmt","","MI/DAY","",FALSE,"Global::Region::HvyTrkDvmt"
28,"VETravelPerformance","CalculateRoadDvmt","Get","Region","Global","ComSvcDvmtGrowthBasis","","ID","",FALSE,"Global::Region::ComSvcDvmtGrowthBasis"
28,"VETravelPerformance","CalculateRoadDvmt","Get","Marea","Global","Marea","","ID","",FALSE,"Global::Marea::Marea"
28,"VETravelPerformance","CalculateRoadDvmt","Get","Marea","Global","UzaNameLookup","","ID","",FALSE,"Global::Marea::UzaNameLookup"
28,"VETravelPerformance","CalculateRoadDvmt","Get","Marea","Global","UrbanLdvDvmt","","MI/DAY","",FALSE,"Global::Marea::UrbanLdvDvmt"
28,"VETravelPerformance","CalculateRoadDvmt","Get","Marea","Global","UrbanHvyTrkDvmt","","MI/DAY","",FALSE,"Global::Marea::UrbanHvyTrkDvmt"
28,"VETravelPerformance","CalculateRoadDvmt","Get","Marea","Global","LdvFwyDvmtProp","","proportion","",FALSE,"Global::Marea::LdvFwyDvmtProp"
28,"VETravelPerformance","CalculateRoadDvmt","Get","Marea","Global","LdvArtDvmtProp","","proportion","",FALSE,"Global::Marea::LdvArtDvmtProp"
28,"VETravelPerformance","CalculateRoadDvmt","Get","Marea","Global","LdvOthDvmtProp","","proportion","",FALSE,"Global::Marea::LdvOthDvmtProp"
28,"VETravelPerformance","CalculateRoadDvmt","Get","Marea","Global","HvyTrkFwyDvmtProp","","proportion","",FALSE,"Global::Marea::HvyTrkFwyDvmtProp"
28,"VETravelPerformance","CalculateRoadDvmt","Get","Marea","Global","HvyTrkArtDvmtProp","","proportion","",FALSE,"Global::Marea::HvyTrkArtDvmtProp"
28,"VETravelPerformance","CalculateRoadDvmt","Get","Marea","Global","HvyTrkOthDvmtProp","","proportion","",FALSE,"Global::Marea::HvyTrkOthDvmtProp"
28,"VETravelPerformance","CalculateRoadDvmt","Get","Marea","Global","BusFwyDvmtProp","","proportion","",FALSE,"Global::Marea::BusFwyDvmtProp"
28,"VETravelPerformance","CalculateRoadDvmt","Get","Marea","Global","BusArtDvmtProp","","proportion","",FALSE,"Global::Marea::BusArtDvmtProp"
28,"VETravelPerformance","CalculateRoadDvmt","Get","Marea","Global","BusOthDvmtProp","","proportion","",FALSE,"Global::Marea::BusOthDvmtProp"
28,"VETravelPerformance","CalculateRoadDvmt","Get","Marea","Year","Marea","","ID","",FALSE,"Year::Marea::Marea"
28,"VETravelPerformance","CalculateRoadDvmt","Get","Marea","Year","VanDvmt","","MI/DAY","",FALSE,"Year::Marea::VanDvmt"
28,"VETravelPerformance","CalculateRoadDvmt","Get","Marea","Year","BusDvmt","","MI/DAY","",FALSE,"Year::Marea::BusDvmt"
28,"VETravelPerformance","CalculateRoadDvmt","Get","Marea","Year","RuralPop","","PRSN","",FALSE,"Year::Marea::RuralPop"
28,"VETravelPerformance","CalculateRoadDvmt","Get","Marea","Year","TownPop","","PRSN","",FALSE,"Year::Marea::TownPop"
28,"VETravelPerformance","CalculateRoadDvmt","Get","Marea","Year","UrbanPop","","PRSN","",FALSE,"Year::Marea::UrbanPop"
28,"VETravelPerformance","CalculateRoadDvmt","Get","Marea","Year","RuralIncome","","USD","",FALSE,"Year::Marea::RuralIncome"
28,"VETravelPerformance","CalculateRoadDvmt","Get","Marea","Year","TownIncome","","USD","",FALSE,"Year::Marea::TownIncome"
28,"VETravelPerformance","CalculateRoadDvmt","Get","Marea","Year","UrbanIncome","","USD","",FALSE,"Year::Marea::UrbanIncome"
28,"VETravelPerformance","CalculateRoadDvmt","Get","Marea","Year","UrbanHhDvmt","","MI/DAY","",FALSE,"Year::Marea::UrbanHhDvmt"
28,"VETravelPerformance","CalculateRoadDvmt","Get","Marea","Year","TownHhDvmt","","MI/DAY","",FALSE,"Year::Marea::TownHhDvmt"
28,"VETravelPerformance","CalculateRoadDvmt","Get","Marea","Year","RuralHhDvmt","","MI/DAY","",FALSE,"Year::Marea::RuralHhDvmt"
28,"VETravelPerformance","CalculateRoadDvmt","Get","Household","Year","Marea","","ID","",FALSE,"Year::Household::Marea"
28,"VETravelPerformance","CalculateRoadDvmt","Get","Household","Year","LocType","","category","",FALSE,"Year::Household::LocType"
28,"VETravelPerformance","CalculateRoadDvmt","Get","Household","Year","Dvmt","","MI/DAY","",FALSE,"Year::Household::Dvmt"
28,"VETravelPerformance","CalculateRoadDvmt","Get","Region","Global","HvyTrkDvmtIncomeFactor","","MI/USD","",TRUE,"Global::Region::HvyTrkDvmtIncomeFactor"
28,"VETravelPerformance","CalculateRoadDvmt","Get","Region","Global","HvyTrkDvmtPopulationFactor","","MI/PRSN","",TRUE,"Global::Region::HvyTrkDvmtPopulationFactor"
28,"VETravelPerformance","CalculateRoadDvmt","Get","Marea","Global","ComSvcDvmtHhDvmtFactor","","proportion","",TRUE,"Global::Marea::ComSvcDvmtHhDvmtFactor"
28,"VETravelPerformance","CalculateRoadDvmt","Get","Marea","Global","ComSvcDvmtIncomeFactor","","MI/USD","",TRUE,"Global::Marea::ComSvcDvmtIncomeFactor"
28,"VETravelPerformance","CalculateRoadDvmt","Get","Marea","Global","HvyTrkDvmtIncomeFactor","","MI/USD","",TRUE,"Global::Marea::HvyTrkDvmtIncomeFactor"
28,"VETravelPerformance","CalculateRoadDvmt","Get","Marea","Global","ComSvcDvmtPopulationFactor","","MI/PRSN","",TRUE,"Global::Marea::ComSvcDvmtPopulationFactor"
28,"VETravelPerformance","CalculateRoadDvmt","Get","Marea","Global","HvyTrkDvmtPopulationFactor","","MI/PRSN","",TRUE,"Global::Marea::HvyTrkDvmtPopulationFactor"
28,"VETravelPerformance","CalculateRoadDvmt","Get","Marea","Global","LdvUrbanRoadProp","","proportion","",TRUE,"Global::Marea::LdvUrbanRoadProp"
28,"VETravelPerformance","CalculateRoadDvmt","Set","Region","Global","HvyTrkDvmt","","MI/DAY","Average daily vehicle miles of travel on roadways in the region by heavy trucks during the base year. The value for this input may be NA instead of number. In that case, if a state abbreviation is provided, the base year value is calculated from the state per capita rate tabulated by the LoadDefaultRoadDvmtValues.R script and the base year population. If the state abbreviation is NA (as for a metropolitan model) the base year value is calculated from metropolitan area per capita rates and metropolitan area population.",FALSE,"Global::Region::HvyTrkDvmt"
28,"VETravelPerformance","CalculateRoadDvmt","Set","Marea","Global","UrbanLdvDvmt","","MI/DAY","Average daily vehicle miles of travel on roadways in the urbanized portion of the Marea by light-duty vehicles during the base year. This value may be omitted if a value for UzaNameLookup is provided so that a value may be computed from the urbanized area per capita rate tabulated by the LoadDefaultRoadDvmtValues.R script and the base year urban population.",FALSE,"Global::Marea::UrbanLdvDvmt"
28,"VETravelPerformance","CalculateRoadDvmt","Set","Marea","Global","UrbanHvyTrkDvmt","","MI/DAY","Average daily vehicle miles of travel on roadways in the urbanized portion of the Marea by heavy trucks during he base year. This value may be omitted if a value for UzaNameLookup is provided so that a value may be computed from the urbanized area per capita rate tabulated by the LoadDefaultRoadDvmtValues.R script and the base year urban population.",FALSE,"Global::Marea::UrbanHvyTrkDvmt"
28,"VETravelPerformance","CalculateRoadDvmt","Set","Region","Global","HvyTrkDvmtIncomeFactor","","MI/USD","Ratio of Region base year heavy truck DVMT to household income",FALSE,"Global::Region::HvyTrkDvmtIncomeFactor"
28,"VETravelPerformance","CalculateRoadDvmt","Set","Region","Global","HvyTrkDvmtPopulationFactor","","MI/PRSN","Ratio of Region base year heavy truck DVMT to population",FALSE,"Global::Region::HvyTrkDvmtPopulationFactor"
28,"VETravelPerformance","CalculateRoadDvmt","Set","Region","Year","HvyTrkUrbanDvmt","","MI/DAY","Region heavy truck daily vehicle miles of travel in urbanized areas",FALSE,"Year::Region::HvyTrkUrbanDvmt"
28,"VETravelPerformance","CalculateRoadDvmt","Set","Region","Year","HvyTrkNonUrbanDvmt","","MI/DAY","Region heavy truck daily vehicle miles of travel outside of urbanized areas (i.e. in town or rural areas)",FALSE,"Year::Region::HvyTrkNonUrbanDvmt"
28,"VETravelPerformance","CalculateRoadDvmt","Set","Marea","Global","ComSvcDvmtHhDvmtFactor","","proportion","Ratio of Marea base year commercial service DVMT to household DVMT",FALSE,"Global::Marea::ComSvcDvmtHhDvmtFactor"
28,"VETravelPerformance","CalculateRoadDvmt","Set","Marea","Global","ComSvcDvmtIncomeFactor","","MI/USD","Ratio of base year commercial service vehicle DVMT to household income",FALSE,"Global::Marea::ComSvcDvmtIncomeFactor"
28,"VETravelPerformance","CalculateRoadDvmt","Set","Marea","Global","HvyTrkDvmtIncomeFactor","","MI/USD","Ratio of base year heavy truck DVMT to household income",FALSE,"Global::Marea::HvyTrkDvmtIncomeFactor"
28,"VETravelPerformance","CalculateRoadDvmt","Set","Marea","Global","ComSvcDvmtPopulationFactor","","MI/PRSN","Ratio of base year commercial service vehicle DVMT to population",FALSE,"Global::Marea::ComSvcDvmtPopulationFactor"
28,"VETravelPerformance","CalculateRoadDvmt","Set","Marea","Global","HvyTrkDvmtPopulationFactor","","MI/PRSN","Ratio of base year heavy truck DVMT to population",FALSE,"Global::Marea::HvyTrkDvmtPopulationFactor"
28,"VETravelPerformance","CalculateRoadDvmt","Set","Marea","Global","LdvUrbanRoadProp","","proportion","The proportion of the DVMT of households residing in the marea and associated commercial service DVMT that occurs on urbanized area roadways in the marea",FALSE,"Global::Marea::LdvUrbanRoadProp"
28,"VETravelPerformance","CalculateRoadDvmt","Set","Marea","Year","ComSvcUrbanDvmt","","MI/DAY","Commercial service daily vehicle miles of travel associated with Marea urbanized household activity",FALSE,"Year::Marea::ComSvcUrbanDvmt"
28,"VETravelPerformance","CalculateRoadDvmt","Set","Marea","Year","ComSvcTownDvmt","","MI/DAY","Commercial service daily vehicle miles of travel associated with Marea town household activity",FALSE,"Year::Marea::ComSvcTownDvmt"
28,"VETravelPerformance","CalculateRoadDvmt","Set","Marea","Year","ComSvcRuralDvmt","","MI/DAY","Commercial service daily vehicle miles of travel associated with Marea rural household activity",FALSE,"Year::Marea::ComSvcRuralDvmt"
28,"VETravelPerformance","CalculateRoadDvmt","Set","Marea","Year","HvyTrkUrbanDvmt","","MI/DAY","Heavy truck daily vehicle miles of travel on urbanized area roadways in the Marea",FALSE,"Year::Marea::HvyTrkUrbanDvmt"
28,"VETravelPerformance","CalculateRoadDvmt","Set","Marea","Year","LdvFwyArtDvmt","","MI/DAY","Light-duty daily vehicle miles of travel in the urbanized portion of the Marea occurring on freeway or arterial roadways",FALSE,"Year::Marea::LdvFwyArtDvmt"
28,"VETravelPerformance","CalculateRoadDvmt","Set","Marea","Year","LdvOthDvmt","","MI/DAY","Light-duty daily vehicle miles of travel in the urbanized portion of the Marea occurring on other roadways",FALSE,"Year::Marea::LdvOthDvmt"
28,"VETravelPerformance","CalculateRoadDvmt","Set","Marea","Year","HvyTrkFwyDvmt","","MI/DAY","Heavy truck daily vehicle miles of travel in the urbanized portion of the Marea occurring on freeways",FALSE,"Year::Marea::HvyTrkFwyDvmt"
28,"VETravelPerformance","CalculateRoadDvmt","Set","Marea","Year","HvyTrkArtDvmt","","MI/DAY","Heavy truck daily vehicle miles of travel in the urbanized portion of the Marea occurring on arterial roadways",FALSE,"Year::Marea::HvyTrkArtDvmt"
28,"VETravelPerformance","CalculateRoadDvmt","Set","Marea","Year","HvyTrkOthDvmt","","MI/DAY","Heavy truck daily vehicle miles of travel in the urbanized portion of the Marea occurring on other roadways",FALSE,"Year::Marea::HvyTrkOthDvmt"
28,"VETravelPerformance","CalculateRoadDvmt","Set","Marea","Year","BusFwyDvmt","","MI/DAY","Bus daily vehicle miles of travel in the urbanized portion of the Marea occurring on freeways",FALSE,"Year::Marea::BusFwyDvmt"
28,"VETravelPerformance","CalculateRoadDvmt","Set","Marea","Year","BusArtDvmt","","MI/DAY","Bus daily vehicle miles of travel in the urbanized portion of the Marea occurring on arterial roadways",FALSE,"Year::Marea::BusArtDvmt"
28,"VETravelPerformance","CalculateRoadDvmt","Set","Marea","Year","BusOthDvmt","","MI/DAY","Bus daily vehicle miles of travel in the urbanized portion of the Marea occuring on other roadways",FALSE,"Year::Marea::BusOthDvmt"
28,"VETravelPerformance","CalculateRoadDvmt","Set","Marea","Year","UrbanHhPropUrbanDvmt","","proportion","Average proportion of urban household DVMT traveled on urban roads in the marea where the household resides",FALSE,"Year::Marea::UrbanHhPropUrbanDvmt"
28,"VETravelPerformance","CalculateRoadDvmt","Set","Marea","Year","NonUrbanHhPropUrbanDvmt","","proportion","Average proportion of non-urban household DVMT traveled on urban roads in the marea where the household resides",FALSE,"Year::Marea::NonUrbanHhPropUrbanDvmt"
28,"VETravelPerformance","CalculateRoadDvmt","Set","Household","Year","UrbanDvmtProp","","proportion","Proportion of household DVMT traveled on urban roads in the marea where the household resides",FALSE,"Year::Household::UrbanDvmtProp"
29,"VETravelPerformance","CalculateRoadPerformance","Get","Region","Global","StateAbbrLookup","","ID","",FALSE,"Global::Region::StateAbbrLookup"
29,"VETravelPerformance","CalculateRoadPerformance","Get","Marea","Year","Marea","","ID","",FALSE,"Year::Marea::Marea"
29,"VETravelPerformance","CalculateRoadPerformance","Get","Marea","Year","UrbanPop","","PRSN","",FALSE,"Year::Marea::UrbanPop"
29,"VETravelPerformance","CalculateRoadPerformance","Get","Marea","Year","FwyLaneMi","","MI","",FALSE,"Year::Marea::FwyLaneMi"
29,"VETravelPerformance","CalculateRoadPerformance","Get","Marea","Year","ArtLaneMi","","MI","",FALSE,"Year::Marea::ArtLaneMi"
29,"VETravelPerformance","CalculateRoadPerformance","Get","Marea","Year","RampMeterDeployProp","","proportion","",FALSE,"Year::Marea::RampMeterDeployProp"
29,"VETravelPerformance","CalculateRoadPerformance","Get","Marea","Year","IncidentMgtDeployProp","","proportion","",FALSE,"Year::Marea::IncidentMgtDeployProp"
29,"VETravelPerformance","CalculateRoadPerformance","Get","Marea","Year","SignalCoordDeployProp","","proportion","",FALSE,"Year::Marea::SignalCoordDeployProp"
29,"VETravelPerformance","CalculateRoadPerformance","Get","Marea","Year","AccessMgtDeployProp","","proportion","",FALSE,"Year::Marea::AccessMgtDeployProp"
29,"VETravelPerformance","CalculateRoadPerformance","Get","Marea","Year","OtherFwyOpsDeployProp","","proportion","",FALSE,"Year::Marea::OtherFwyOpsDeployProp"
29,"VETravelPerformance","CalculateRoadPerformance","Get","Marea","Year","OtherArtOpsDeployProp","","proportion","",FALSE,"Year::Marea::OtherArtOpsDeployProp"
29,"VETravelPerformance","CalculateRoadPerformance","Get","OtherOpsEffectiveness","Global","Level","","category","",TRUE,"Global::OtherOpsEffectiveness::Level"
29,"VETravelPerformance","CalculateRoadPerformance","Get","OtherOpsEffectiveness","Global","Art_Rcr","","proportion","",TRUE,"Global::OtherOpsEffectiveness::Art_Rcr"
29,"VETravelPerformance","CalculateRoadPerformance","Get","OtherOpsEffectiveness","Global","Art_NonRcr","","proportion","",TRUE,"Global::OtherOpsEffectiveness::Art_NonRcr"
29,"VETravelPerformance","CalculateRoadPerformance","Get","OtherOpsEffectiveness","Global","Fwy_Rcr","","proportion","",TRUE,"Global::OtherOpsEffectiveness::Fwy_Rcr"
29,"VETravelPerformance","CalculateRoadPerformance","Get","OtherOpsEffectiveness","Global","Fwy_NonRcr","","proportion","",TRUE,"Global::OtherOpsEffectiveness::Fwy_NonRcr"
29,"VETravelPerformance","CalculateRoadPerformance","Get","Marea","Year","LdvFwyArtDvmt","","MI/DAY","",FALSE,"Year::Marea::LdvFwyArtDvmt"
29,"VETravelPerformance","CalculateRoadPerformance","Get","Marea","Year","LdvOthDvmt","","MI/DAY","",FALSE,"Year::Marea::LdvOthDvmt"
29,"VETravelPerformance","CalculateRoadPerformance","Get","Marea","Year","HvyTrkFwyDvmt","","MI/DAY","",FALSE,"Year::Marea::HvyTrkFwyDvmt"
29,"VETravelPerformance","CalculateRoadPerformance","Get","Marea","Year","HvyTrkArtDvmt","","MI/DAY","",FALSE,"Year::Marea::HvyTrkArtDvmt"
29,"VETravelPerformance","CalculateRoadPerformance","Get","Marea","Year","HvyTrkOthDvmt","","MI/DAY","",FALSE,"Year::Marea::HvyTrkOthDvmt"
29,"VETravelPerformance","CalculateRoadPerformance","Get","Marea","Year","BusFwyDvmt","","MI/DAY","",FALSE,"Year::Marea::BusFwyDvmt"
29,"VETravelPerformance","CalculateRoadPerformance","Get","Marea","Year","BusArtDvmt","","MI/DAY","",FALSE,"Year::Marea::BusArtDvmt"
29,"VETravelPerformance","CalculateRoadPerformance","Get","Marea","Year","BusOthDvmt","","MI/DAY","",FALSE,"Year::Marea::BusOthDvmt"
29,"VETravelPerformance","CalculateRoadPerformance","Get","Marea","Year","FwyNoneCongChg","","USD","",FALSE,"Year::Marea::FwyNoneCongChg"
29,"VETravelPerformance","CalculateRoadPerformance","Get","Marea","Year","FwyModCongChg","","USD","",FALSE,"Year::Marea::FwyModCongChg"
29,"VETravelPerformance","CalculateRoadPerformance","Get","Marea","Year","FwyHvyCongChg","","USD","",FALSE,"Year::Marea::FwyHvyCongChg"
29,"VETravelPerformance","CalculateRoadPerformance","Get","Marea","Year","FwySevCongChg","","USD","",FALSE,"Year::Marea::FwySevCongChg"
29,"VETravelPerformance","CalculateRoadPerformance","Get","Marea","Year","FwyExtCongChg","","USD","",FALSE,"Year::Marea::FwyExtCongChg"
29,"VETravelPerformance","CalculateRoadPerformance","Get","Marea","Year","ArtNoneCongChg","","USD","",FALSE,"Year::Marea::ArtNoneCongChg"
29,"VETravelPerformance","CalculateRoadPerformance","Get","Marea","Year","ArtModCongChg","","USD","",FALSE,"Year::Marea::ArtModCongChg"
29,"VETravelPerformance","CalculateRoadPerformance","Get","Marea","Year","ArtHvyCongChg","","USD","",FALSE,"Year::Marea::ArtHvyCongChg"
29,"VETravelPerformance","CalculateRoadPerformance","Get","Marea","Year","ArtSevCongChg","","USD","",FALSE,"Year::Marea::ArtSevCongChg"
29,"VETravelPerformance","CalculateRoadPerformance","Get","Marea","Year","ArtExtCongChg","","USD","",FALSE,"Year::Marea::ArtExtCongChg"
29,"VETravelPerformance","CalculateRoadPerformance","Get","Model","Global","ValueOfTime","","USD","",FALSE,"Global::Model::ValueOfTime"
29,"VETravelPerformance","CalculateRoadPerformance","Get","Bzone","Year","UrbanArea","","SQMI","",FALSE,"Year::Bzone::UrbanArea"
29,"VETravelPerformance","CalculateRoadPerformance","Get","Marea","Global","LdvFwyDvmtProp","","proportion","",FALSE,"Global::Marea::LdvFwyDvmtProp"
29,"VETravelPerformance","CalculateRoadPerformance","Get","Marea","Global","LdvArtDvmtProp","","proportion","",FALSE,"Global::Marea::LdvArtDvmtProp"
29,"VETravelPerformance","CalculateRoadPerformance","Get","Marea","Global","LambdaAdj","","constant","",TRUE,"Global::Marea::LambdaAdj"
29,"VETravelPerformance","CalculateRoadPerformance","Get","Marea","Year","UrbanHhPropUrbanDvmt","","proportion","",FALSE,"Year::Marea::UrbanHhPropUrbanDvmt"
29,"VETravelPerformance","CalculateRoadPerformance","Get","Marea","Year","NonUrbanHhPropUrbanDvmt","","proportion","",FALSE,"Year::Marea::NonUrbanHhPropUrbanDvmt"
29,"VETravelPerformance","CalculateRoadPerformance","Set","Marea","Year","LdvFwyDvmt","","MI/DAY","Light-duty daily vehicle miles of travel in the urbanized portion of the Marea occurring on freeways",FALSE,"Year::Marea::LdvFwyDvmt"
29,"VETravelPerformance","CalculateRoadPerformance","Set","Marea","Year","LdvArtDvmt","","MI/DAY","Light-duty daily vehicle miles of travel in the urbanized portion of the Marea occurring on arterial roadways",FALSE,"Year::Marea::LdvArtDvmt"
29,"VETravelPerformance","CalculateRoadPerformance","Set","Marea","Year","LdvAveSpeed","","MI/HR","Average speed (miles per hour) of light-duty vehicle travel on urban area roads",FALSE,"Year::Marea::LdvAveSpeed"
29,"VETravelPerformance","CalculateRoadPerformance","Set","Marea","Year","HvyTrkAveSpeed","","MI/HR","Average speed (miles per hour) of heavy truck travel on urban area roads",FALSE,"Year::Marea::HvyTrkAveSpeed"
29,"VETravelPerformance","CalculateRoadPerformance","Set","Marea","Year","BusAveSpeed","","MI/HR","Average speed (miles per hour) of bus travel on urban area roads",FALSE,"Year::Marea::BusAveSpeed"
29,"VETravelPerformance","CalculateRoadPerformance","Set","Marea","Year","NonUrbanAveSpeed","","MI/HR","Average speed (miles per hour) of vehicle travel on non-urban area roads",FALSE,"Year::Marea::NonUrbanAveSpeed"
29,"VETravelPerformance","CalculateRoadPerformance","Set","Marea","Year","LdvTotDelay","","HR","Total light-duty vehicle delay (hours per day) on urban area roads",FALSE,"Year::Marea::LdvTotDelay"
29,"VETravelPerformance","CalculateRoadPerformance","Set","Marea","Year","HvyTrkTotDelay","","HR","Total heavy truck vehicle delay (hours per day) on urban area roads",FALSE,"Year::Marea::HvyTrkTotDelay"
29,"VETravelPerformance","CalculateRoadPerformance","Set","Marea","Year","BusTotDelay","","HR","Total bus vehicle delay (hours per day) on urban area roads",FALSE,"Year::Marea::BusTotDelay"
29,"VETravelPerformance","CalculateRoadPerformance","Set","Marea","Year","AveCongPrice","","USD","Average price paid (dollars per mile) in congestion fees",FALSE,"Year::Marea::AveCongPrice"
29,"VETravelPerformance","CalculateRoadPerformance","Set","Marea","Year","FwyDvmtPropNoneCong","","proportion","Proportion of freeway DVMT occurring when there is no congestion",FALSE,"Year::Marea::FwyDvmtPropNoneCong"
29,"VETravelPerformance","CalculateRoadPerformance","Set","Marea","Year","FwyDvmtPropModCong","","proportion","Proportion of freeway DVMT occurring when congestion is moderate",FALSE,"Year::Marea::FwyDvmtPropModCong"
29,"VETravelPerformance","CalculateRoadPerformance","Set","Marea","Year","FwyDvmtPropHvyCong","","proportion","Proportion of freeway DVMT occurring when congestion is heavy",FALSE,"Year::Marea::FwyDvmtPropHvyCong"
29,"VETravelPerformance","CalculateRoadPerformance","Set","Marea","Year","FwyDvmtPropSevCong","","proportion","Proportion of freeway DVMT occurring when congestion is severe",FALSE,"Year::Marea::FwyDvmtPropSevCong"
29,"VETravelPerformance","CalculateRoadPerformance","Set","Marea","Year","FwyDvmtPropExtCong","","proportion","Proportion of freeway DVMT occurring when congestion is extreme",FALSE,"Year::Marea::FwyDvmtPropExtCong"
29,"VETravelPerformance","CalculateRoadPerformance","Set","Marea","Year","ArtDvmtPropNoneCong","","proportion","Proportion of arterial DVMT occurring when there is no congestion",FALSE,"Year::Marea::ArtDvmtPropNoneCong"
29,"VETravelPerformance","CalculateRoadPerformance","Set","Marea","Year","ArtDvmtPropModCong","","proportion","Proportion of arterial DVMT occurring when congestion is moderate",FALSE,"Year::Marea::ArtDvmtPropModCong"
29,"VETravelPerformance","CalculateRoadPerformance","Set","Marea","Year","ArtDvmtPropHvyCong","","proportion","Proportion of arterial DVMT occurring when congestion is heavy",FALSE,"Year::Marea::ArtDvmtPropHvyCong"
29,"VETravelPerformance","CalculateRoadPerformance","Set","Marea","Year","ArtDvmtPropSevCong","","proportion","Proportion of arterial DVMT occurring when congestion is severe",FALSE,"Year::Marea::ArtDvmtPropSevCong"
29,"VETravelPerformance","CalculateRoadPerformance","Set","Marea","Year","ArtDvmtPropExtCong","","proportion","Proportion of arterial DVMT occurring when congestion is extreme",FALSE,"Year::Marea::ArtDvmtPropExtCong"
29,"VETravelPerformance","CalculateRoadPerformance","Set","Marea","Year","FwyNoneCongSpeed","","MI/HR","Average freeway speed (miles per hour) when there is no congestion",FALSE,"Year::Marea::FwyNoneCongSpeed"
29,"VETravelPerformance","CalculateRoadPerformance","Set","Marea","Year","FwyModCongSpeed","","MI/HR","Average freeway speed (miles per hour) when congestion is moderate",FALSE,"Year::Marea::FwyModCongSpeed"
29,"VETravelPerformance","CalculateRoadPerformance","Set","Marea","Year","FwyHvyCongSpeed","","MI/HR","Average freeway speed (miles per hour) when congestion is heavy",FALSE,"Year::Marea::FwyHvyCongSpeed"
29,"VETravelPerformance","CalculateRoadPerformance","Set","Marea","Year","FwySevCongSpeed","","MI/HR","Average freeway speed (miles per hour) when congestion is severe",FALSE,"Year::Marea::FwySevCongSpeed"
29,"VETravelPerformance","CalculateRoadPerformance","Set","Marea","Year","FwyExtCongSpeed","","MI/HR","Average freeway speed (miles per hour) when congestion is extreme",FALSE,"Year::Marea::FwyExtCongSpeed"
29,"VETravelPerformance","CalculateRoadPerformance","Set","Marea","Year","ArtNoneCongSpeed","","MI/HR","Average arterial speed (miles per hour) when there is no congestion",FALSE,"Year::Marea::ArtNoneCongSpeed"
29,"VETravelPerformance","CalculateRoadPerformance","Set","Marea","Year","ArtModCongSpeed","","MI/HR","Average arterial speed (miles per hour) when congestion is moderate",FALSE,"Year::Marea::ArtModCongSpeed"
29,"VETravelPerformance","CalculateRoadPerformance","Set","Marea","Year","ArtHvyCongSpeed","","MI/HR","Average arterial speed (miles per hour) when congestion is heavy",FALSE,"Year::Marea::ArtHvyCongSpeed"
29,"VETravelPerformance","CalculateRoadPerformance","Set","Marea","Year","ArtSevCongSpeed","","MI/HR","Average arterial speed (miles per hour) when congestion is severe",FALSE,"Year::Marea::ArtSevCongSpeed"
29,"VETravelPerformance","CalculateRoadPerformance","Set","Marea","Year","ArtExtCongSpeed","","MI/HR","Average arterial speed (miles per hour) when congestion is extreme",FALSE,"Year::Marea::ArtExtCongSpeed"
29,"VETravelPerformance","CalculateRoadPerformance","Set","Marea","Year","OthSpd","","MI/HR","Average speed (miles per hour) on other roadways",FALSE,"Year::Marea::OthSpd"
29,"VETravelPerformance","CalculateRoadPerformance","Set","Marea","Global","LambdaAdj","","constant","Constant to adjust the modeled lambda parameter to match base year freeway and arterial LDV proportions",FALSE,"Global::Marea::LambdaAdj"
30,"VETravelPerformance","CalculateMpgMpkwhAdjustments","Inp","Marea","Year","FwySmooth","marea_speed_smooth_ecodrive.csv","proportion","Fractional deployment of speed smoothing traffic management on freeways, where 0 is no deployment and 1 is the full potential fuel savings",FALSE,"Year::Marea::FwySmooth"
30,"VETravelPerformance","CalculateMpgMpkwhAdjustments","Inp","Marea","Year","ArtSmooth","marea_speed_smooth_ecodrive.csv","proportion","Fractional deployment of speed smoothing traffic management on arterials, where 0 is no deployment and 1 is the full potential fuel savings",FALSE,"Year::Marea::ArtSmooth"
30,"VETravelPerformance","CalculateMpgMpkwhAdjustments","Inp","Marea","Year","LdvEcoDrive","marea_speed_smooth_ecodrive.csv","proportion","Eco-driving penetration for light-duty vehicles; the fraction of vehicles from 0 to 1",FALSE,"Year::Marea::LdvEcoDrive"
30,"VETravelPerformance","CalculateMpgMpkwhAdjustments","Inp","Marea","Year","HvyTrkEcoDrive","marea_speed_smooth_ecodrive.csv","proportion","Eco-driving penetration for heavy-duty vehicles; the fraction of vehicles from 0 to 1",FALSE,"Year::Marea::HvyTrkEcoDrive"
30,"VETravelPerformance","CalculateMpgMpkwhAdjustments","Get","Marea","Year","Marea","","ID","",FALSE,"Year::Marea::Marea"
30,"VETravelPerformance","CalculateMpgMpkwhAdjustments","Get","Marea","Year","FwySmooth","","proportion","",FALSE,"Year::Marea::FwySmooth"
30,"VETravelPerformance","CalculateMpgMpkwhAdjustments","Get","Marea","Year","ArtSmooth","","proportion","",FALSE,"Year::Marea::ArtSmooth"
30,"VETravelPerformance","CalculateMpgMpkwhAdjustments","Get","Marea","Year","LdvFwyDvmt","","MI/DAY","",FALSE,"Year::Marea::LdvFwyDvmt"
30,"VETravelPerformance","CalculateMpgMpkwhAdjustments","Get","Marea","Year","LdvArtDvmt","","MI/DAY","",FALSE,"Year::Marea::LdvArtDvmt"
30,"VETravelPerformance","CalculateMpgMpkwhAdjustments","Get","Marea","Year","LdvOthDvmt","","MI/DAY","",FALSE,"Year::Marea::LdvOthDvmt"
30,"VETravelPerformance","CalculateMpgMpkwhAdjustments","Get","Marea","Year","HvyTrkFwyDvmt","","MI/DAY","",FALSE,"Year::Marea::HvyTrkFwyDvmt"
30,"VETravelPerformance","CalculateMpgMpkwhAdjustments","Get","Marea","Year","HvyTrkArtDvmt","","MI/DAY","",FALSE,"Year::Marea::HvyTrkArtDvmt"
30,"VETravelPerformance","CalculateMpgMpkwhAdjustments","Get","Marea","Year","HvyTrkOthDvmt","","MI/DAY","",FALSE,"Year::Marea::HvyTrkOthDvmt"
30,"VETravelPerformance","CalculateMpgMpkwhAdjustments","Get","Marea","Year","BusFwyDvmt","","MI/DAY","",FALSE,"Year::Marea::BusFwyDvmt"
30,"VETravelPerformance","CalculateMpgMpkwhAdjustments","Get","Marea","Year","BusArtDvmt","","MI/DAY","",FALSE,"Year::Marea::BusArtDvmt"
30,"VETravelPerformance","CalculateMpgMpkwhAdjustments","Get","Marea","Year","BusOthDvmt","","MI/DAY","",FALSE,"Year::Marea::BusOthDvmt"
30,"VETravelPerformance","CalculateMpgMpkwhAdjustments","Get","Marea","Year","FwyNoneCongSpeed","","MI/HR","",FALSE,"Year::Marea::FwyNoneCongSpeed"
30,"VETravelPerformance","CalculateMpgMpkwhAdjustments","Get","Marea","Year","FwyModCongSpeed","","MI/HR","",FALSE,"Year::Marea::FwyModCongSpeed"
30,"VETravelPerformance","CalculateMpgMpkwhAdjustments","Get","Marea","Year","FwyHvyCongSpeed","","MI/HR","",FALSE,"Year::Marea::FwyHvyCongSpeed"
30,"VETravelPerformance","CalculateMpgMpkwhAdjustments","Get","Marea","Year","FwySevCongSpeed","","MI/HR","",FALSE,"Year::Marea::FwySevCongSpeed"
30,"VETravelPerformance","CalculateMpgMpkwhAdjustments","Get","Marea","Year","FwyExtCongSpeed","","MI/HR","",FALSE,"Year::Marea::FwyExtCongSpeed"
30,"VETravelPerformance","CalculateMpgMpkwhAdjustments","Get","Marea","Year","ArtNoneCongSpeed","","MI/HR","",FALSE,"Year::Marea::ArtNoneCongSpeed"
30,"VETravelPerformance","CalculateMpgMpkwhAdjustments","Get","Marea","Year","ArtModCongSpeed","","MI/HR","",FALSE,"Year::Marea::ArtModCongSpeed"
30,"VETravelPerformance","CalculateMpgMpkwhAdjustments","Get","Marea","Year","ArtHvyCongSpeed","","MI/HR","",FALSE,"Year::Marea::ArtHvyCongSpeed"
30,"VETravelPerformance","CalculateMpgMpkwhAdjustments","Get","Marea","Year","ArtSevCongSpeed","","MI/HR","",FALSE,"Year::Marea::ArtSevCongSpeed"
30,"VETravelPerformance","CalculateMpgMpkwhAdjustments","Get","Marea","Year","ArtExtCongSpeed","","MI/HR","",FALSE,"Year::Marea::ArtExtCongSpeed"
30,"VETravelPerformance","CalculateMpgMpkwhAdjustments","Get","Marea","Year","OthSpd","","MI/HR","",FALSE,"Year::Marea::OthSpd"
30,"VETravelPerformance","CalculateMpgMpkwhAdjustments","Get","Marea","Year","FwyDvmtPropNoneCong","","proportion","",FALSE,"Year::Marea::FwyDvmtPropNoneCong"
30,"VETravelPerformance","CalculateMpgMpkwhAdjustments","Get","Marea","Year","FwyDvmtPropModCong","","proportion","",FALSE,"Year::Marea::FwyDvmtPropModCong"
30,"VETravelPerformance","CalculateMpgMpkwhAdjustments","Get","Marea","Year","FwyDvmtPropHvyCong","","proportion","",FALSE,"Year::Marea::FwyDvmtPropHvyCong"
30,"VETravelPerformance","CalculateMpgMpkwhAdjustments","Get","Marea","Year","FwyDvmtPropSevCong","","proportion","",FALSE,"Year::Marea::FwyDvmtPropSevCong"
30,"VETravelPerformance","CalculateMpgMpkwhAdjustments","Get","Marea","Year","FwyDvmtPropExtCong","","proportion","",FALSE,"Year::Marea::FwyDvmtPropExtCong"
30,"VETravelPerformance","CalculateMpgMpkwhAdjustments","Get","Marea","Year","ArtDvmtPropNoneCong","","proportion","",FALSE,"Year::Marea::ArtDvmtPropNoneCong"
30,"VETravelPerformance","CalculateMpgMpkwhAdjustments","Get","Marea","Year","ArtDvmtPropModCong","","proportion","",FALSE,"Year::Marea::ArtDvmtPropModCong"
30,"VETravelPerformance","CalculateMpgMpkwhAdjustments","Get","Marea","Year","ArtDvmtPropHvyCong","","proportion","",FALSE,"Year::Marea::ArtDvmtPropHvyCong"
30,"VETravelPerformance","CalculateMpgMpkwhAdjustments","Get","Marea","Year","ArtDvmtPropSevCong","","proportion","",FALSE,"Year::Marea::ArtDvmtPropSevCong"
30,"VETravelPerformance","CalculateMpgMpkwhAdjustments","Get","Marea","Year","ArtDvmtPropExtCong","","proportion","",FALSE,"Year::Marea::ArtDvmtPropExtCong"
30,"VETravelPerformance","CalculateMpgMpkwhAdjustments","Set","Marea","Year","LdvSpdSmoothFactor","","proportion","Proportional adjustment of light-duty internal combustion engine (ICE) vehicle MPG due to speed smoothing",FALSE,"Year::Marea::LdvSpdSmoothFactor"
30,"VETravelPerformance","CalculateMpgMpkwhAdjustments","Set","Marea","Year","HvyTrkSpdSmoothFactor","","proportion","Proportional adjustment of heavy truck internal combustion engine (ICE) vehicle MPG due to speed smoothing",FALSE,"Year::Marea::HvyTrkSpdSmoothFactor"
30,"VETravelPerformance","CalculateMpgMpkwhAdjustments","Set","Marea","Year","BusSpdSmoothFactor","","proportion","Proportional adjustment of bus internal combustion engine (ICE) vehicle MPG due to speed smoothing",FALSE,"Year::Marea::BusSpdSmoothFactor"
30,"VETravelPerformance","CalculateMpgMpkwhAdjustments","Set","Marea","Year","LdvEcoDriveFactor","","proportion","Proportional adjustment of light-duty internal combustion engine (ICE) vehicle MPG due to eco-driving",FALSE,"Year::Marea::LdvEcoDriveFactor"
30,"VETravelPerformance","CalculateMpgMpkwhAdjustments","Set","Marea","Year","HvyTrkEcoDriveFactor","","proportion","Proportional adjustment of heavy truck internal combustion engine (ICE) vehicle MPG due to eco-driving",FALSE,"Year::Marea::HvyTrkEcoDriveFactor"
30,"VETravelPerformance","CalculateMpgMpkwhAdjustments","Set","Marea","Year","BusEcoDriveFactor","","proportion","Proportional adjustment of bus internal combustion engine (ICE) vehicle MPG due to eco-driving",FALSE,"Year::Marea::BusEcoDriveFactor"
30,"VETravelPerformance","CalculateMpgMpkwhAdjustments","Set","Marea","Year","LdIceFactor","","proportion","Proportional adjustment of light-duty internal combustion engine (ICE) vehicle MPG due to congestion",FALSE,"Year::Marea::LdIceFactor"
30,"VETravelPerformance","CalculateMpgMpkwhAdjustments","Set","Marea","Year","LdHevFactor","","proportion","Proportional adjustment of light-duty hybrid-electric vehicle (HEV) MPG due to congestion",FALSE,"Year::Marea::LdHevFactor"
30,"VETravelPerformance","CalculateMpgMpkwhAdjustments","Set","Marea","Year","LdEvFactor","","proportion","Proportional adjustment of light-duty battery electric vehicle (EV) MPkWh due to congestion",FALSE,"Year::Marea::LdEvFactor"
30,"VETravelPerformance","CalculateMpgMpkwhAdjustments","Set","Marea","Year","LdFcvFactor","","proportion","Proportional adjustment of light-duty fuel cell vehicle (FCV) MPkWh due to congestion",FALSE,"Year::Marea::LdFcvFactor"
30,"VETravelPerformance","CalculateMpgMpkwhAdjustments","Set","Marea","Year","HdIceFactor","","proportion","Proportional adjustment of heavy-duty internal combustion engine (ICE) vehicle MPG due to congestion",FALSE,"Year::Marea::HdIceFactor"
30,"VETravelPerformance","CalculateMpgMpkwhAdjustments","Set","Region","Year","LdvEcoDriveFactor","","proportion","Proportional adjustment of light-duty internal combustion engine (ICE) vehicle MPG due to eco-driving in uncongested conditions",FALSE,"Year::Region::LdvEcoDriveFactor"
30,"VETravelPerformance","CalculateMpgMpkwhAdjustments","Set","Region","Year","HvyTrkEcoDriveFactor","","proportion","Proportional adjustment of heavy truck internal combustion engine (ICE) vehicle MPG due to eco-driving in uncongested conditions",FALSE,"Year::Region::HvyTrkEcoDriveFactor"
30,"VETravelPerformance","CalculateMpgMpkwhAdjustments","Set","Region","Year","BusEcoDriveFactor","","proportion","Proportional adjustment of bus internal combustion engine (ICE) vehicle MPG due to eco-driving in uncongested conditions",FALSE,"Year::Region::BusEcoDriveFactor"
30,"VETravelPerformance","CalculateMpgMpkwhAdjustments","Set","Region","Year","LdIceFactor","","proportion","Proportional adjustment of light-duty internal combustion engine (ICE) vehicle MPG in uncongested conditions",FALSE,"Year::Region::LdIceFactor"
30,"VETravelPerformance","CalculateMpgMpkwhAdjustments","Set","Region","Year","LdHevFactor","","proportion","Proportional adjustment of light-duty hybrid-electric vehicle (HEV) MPG in uncongested conditions",FALSE,"Year::Region::LdHevFactor"
30,"VETravelPerformance","CalculateMpgMpkwhAdjustments","Set","Region","Year","LdEvFactor","","proportion","Proportional adjustment of light-duty battery electric vehicle (EV) MPkWh in uncongested conditions",FALSE,"Year::Region::LdEvFactor"
30,"VETravelPerformance","CalculateMpgMpkwhAdjustments","Set","Region","Year","LdFcvFactor","","proportion","Proportional adjustment of light-duty fuel cell vehicle (FCV) MPkWh in uncongested conditions",FALSE,"Year::Region::LdFcvFactor"
30,"VETravelPerformance","CalculateMpgMpkwhAdjustments","Set","Region","Year","HdIceFactor","","proportion","Proportional adjustment of heavy-duty internal combustion engine (ICE) vehicle MPG in uncongested conditions",FALSE,"Year::Region::HdIceFactor"
31,"VETravelPerformance","AdjustHhVehicleMpgMpkwh","Get","Region","Year","CarSvcAutoPropIcev","","proportion","",TRUE,"Year::Region::CarSvcAutoPropIcev"
31,"VETravelPerformance","AdjustHhVehicleMpgMpkwh","Get","Region","Year","CarSvcAutoPropHev","","proportion","",TRUE,"Year::Region::CarSvcAutoPropHev"
31,"VETravelPerformance","AdjustHhVehicleMpgMpkwh","Get","Region","Year","CarSvcAutoPropBev","","proportion","",TRUE,"Year::Region::CarSvcAutoPropBev"
31,"VETravelPerformance","AdjustHhVehicleMpgMpkwh","Get","Region","Year","CarSvcLtTrkPropIcev","","proportion","",TRUE,"Year::Region::CarSvcLtTrkPropIcev"
31,"VETravelPerformance","AdjustHhVehicleMpgMpkwh","Get","Region","Year","CarSvcLtTrkPropHev","","proportion","",TRUE,"Year::Region::CarSvcLtTrkPropHev"
31,"VETravelPerformance","AdjustHhVehicleMpgMpkwh","Get","Region","Year","CarSvcLtTrkPropBev","","proportion","",TRUE,"Year::Region::CarSvcLtTrkPropBev"
31,"VETravelPerformance","AdjustHhVehicleMpgMpkwh","Get","Region","Year","LdvEcoDriveFactor","","proportion","",FALSE,"Year::Region::LdvEcoDriveFactor"
31,"VETravelPerformance","AdjustHhVehicleMpgMpkwh","Get","Region","Year","LdIceFactor","","proportion","",FALSE,"Year::Region::LdIceFactor"
31,"VETravelPerformance","AdjustHhVehicleMpgMpkwh","Get","Region","Year","LdHevFactor","","proportion","",FALSE,"Year::Region::LdHevFactor"
31,"VETravelPerformance","AdjustHhVehicleMpgMpkwh","Get","Region","Year","LdEvFactor","","proportion","",FALSE,"Year::Region::LdEvFactor"
31,"VETravelPerformance","AdjustHhVehicleMpgMpkwh","Get","Marea","Year","Marea","","ID","",FALSE,"Year::Marea::Marea"
31,"VETravelPerformance","AdjustHhVehicleMpgMpkwh","Get","Marea","Year","LdvEcoDrive","","proportion","",FALSE,"Year::Marea::LdvEcoDrive"
31,"VETravelPerformance","AdjustHhVehicleMpgMpkwh","Get","Marea","Year","LdvSpdSmoothFactor","","proportion","",FALSE,"Year::Marea::LdvSpdSmoothFactor"
31,"VETravelPerformance","AdjustHhVehicleMpgMpkwh","Get","Marea","Year","LdvEcoDriveFactor","","proportion","",FALSE,"Year::Marea::LdvEcoDriveFactor"
31,"VETravelPerformance","AdjustHhVehicleMpgMpkwh","Get","Marea","Year","LdIceFactor","","proportion","",FALSE,"Year::Marea::LdIceFactor"
31,"VETravelPerformance","AdjustHhVehicleMpgMpkwh","Get","Marea","Year","LdHevFactor","","proportion","",FALSE,"Year::Marea::LdHevFactor"
31,"VETravelPerformance","AdjustHhVehicleMpgMpkwh","Get","Marea","Year","LdEvFactor","","proportion","",FALSE,"Year::Marea::LdEvFactor"
31,"VETravelPerformance","AdjustHhVehicleMpgMpkwh","Get","Household","Year","HhId","","ID","",FALSE,"Year::Household::HhId"
31,"VETravelPerformance","AdjustHhVehicleMpgMpkwh","Get","Household","Year","IsEcoDrive","","binary","",TRUE,"Year::Household::IsEcoDrive"
31,"VETravelPerformance","AdjustHhVehicleMpgMpkwh","Get","Household","Year","LocType","","category","",FALSE,"Year::Household::LocType"
31,"VETravelPerformance","AdjustHhVehicleMpgMpkwh","Get","Household","Year","Vehicles","","VEH","",FALSE,"Year::Household::Vehicles"
31,"VETravelPerformance","AdjustHhVehicleMpgMpkwh","Get","Household","Year","NumAuto","","VEH","",FALSE,"Year::Household::NumAuto"
31,"VETravelPerformance","AdjustHhVehicleMpgMpkwh","Get","Household","Year","NumLtTrk","","VEH","",FALSE,"Year::Household::NumLtTrk"
31,"VETravelPerformance","AdjustHhVehicleMpgMpkwh","Get","Household","Year","Dvmt","","MI/DAY","",FALSE,"Year::Household::Dvmt"
31,"VETravelPerformance","AdjustHhVehicleMpgMpkwh","Get","Household","Year","UrbanDvmtProp","","proportion","",FALSE,"Year::Household::UrbanDvmtProp"
31,"VETravelPerformance","AdjustHhVehicleMpgMpkwh","Get","Vehicle","Year","Marea","","ID","",FALSE,"Year::Vehicle::Marea"
31,"VETravelPerformance","AdjustHhVehicleMpgMpkwh","Get","Vehicle","Year","HhId","","ID","",FALSE,"Year::Vehicle::HhId"
31,"VETravelPerformance","AdjustHhVehicleMpgMpkwh","Get","Vehicle","Year","VehId","","ID","",FALSE,"Year::Vehicle::VehId"
31,"VETravelPerformance","AdjustHhVehicleMpgMpkwh","Get","Vehicle","Year","Type","","category","",FALSE,"Year::Vehicle::Type"
31,"VETravelPerformance","AdjustHhVehicleMpgMpkwh","Get","Vehicle","Year","Powertrain","","category","",FALSE,"Year::Vehicle::Powertrain"
31,"VETravelPerformance","AdjustHhVehicleMpgMpkwh","Get","Vehicle","Year","VehicleAccess","","category","",FALSE,"Year::Vehicle::VehicleAccess"
31,"VETravelPerformance","AdjustHhVehicleMpgMpkwh","Get","Vehicle","Year","MPG","","MI/GGE","",FALSE,"Year::Vehicle::MPG"
31,"VETravelPerformance","AdjustHhVehicleMpgMpkwh","Get","Vehicle","Year","GPM","","GGE/MI","",FALSE,"Year::Vehicle::GPM"
31,"VETravelPerformance","AdjustHhVehicleMpgMpkwh","Get","Vehicle","Year","MPKWH","","MI/KWH","",FALSE,"Year::Vehicle::MPKWH"
31,"VETravelPerformance","AdjustHhVehicleMpgMpkwh","Get","Vehicle","Year","KWHPM","","KWH/MI","",FALSE,"Year::Vehicle::KWHPM"
31,"VETravelPerformance","AdjustHhVehicleMpgMpkwh","Get","Vehicle","Year","MPGe","","MI/GGE","",FALSE,"Year::Vehicle::MPGe"
31,"VETravelPerformance","AdjustHhVehicleMpgMpkwh","Get","Vehicle","Year","ElecDvmtProp","","proportion","",FALSE,"Year::Vehicle::ElecDvmtProp"
31,"VETravelPerformance","AdjustHhVehicleMpgMpkwh","Get","Vehicle","Year","FuelCO2ePM","","GM/MI","",FALSE,"Year::Vehicle::FuelCO2ePM"
31,"VETravelPerformance","AdjustHhVehicleMpgMpkwh","Get","Vehicle","Year","ElecCO2ePM","","GM/MI","",FALSE,"Year::Vehicle::ElecCO2ePM"
31,"VETravelPerformance","AdjustHhVehicleMpgMpkwh","Set","Vehicle","Year","MPG","","MI/GGE","Average miles of vehicle travel powered by fuel per gasoline equivalent gallon",FALSE,"Year::Vehicle::MPG"
31,"VETravelPerformance","AdjustHhVehicleMpgMpkwh","Set","Vehicle","Year","GPM","","GGE/MI","Average gasoline equivalent gallons per mile of vehicle travel powered by fuel",FALSE,"Year::Vehicle::GPM"
31,"VETravelPerformance","AdjustHhVehicleMpgMpkwh","Set","Vehicle","Year","MPKWH","","MI/KWH","Average miles of vehicle travel powered by electricity per kilowatt-hour",FALSE,"Year::Vehicle::MPKWH"
31,"VETravelPerformance","AdjustHhVehicleMpgMpkwh","Set","Vehicle","Year","KWHPM","","KWH/MI","Average kilowatt-hours per mile of vehicle travel powered by electricity",FALSE,"Year::Vehicle::KWHPM"
31,"VETravelPerformance","AdjustHhVehicleMpgMpkwh","Set","Vehicle","Year","MPGe","","MI/GGE","Average miles of vehicle travel per gasoline equivalent gallon (fuel and electric powered)",FALSE,"Year::Vehicle::MPGe"
31,"VETravelPerformance","AdjustHhVehicleMpgMpkwh","Set","Vehicle","Year","ElecDvmtProp","","proportion","Average miles of vehicle travel per gasoline equivalent gallon (fuel and electric powered)",FALSE,"Year::Vehicle::ElecDvmtProp"
31,"VETravelPerformance","AdjustHhVehicleMpgMpkwh","Set","Vehicle","Year","FuelCO2ePM","","GM/MI","Average grams of carbon-dioxide equivalents produced per mile of travel powered by fuel",FALSE,"Year::Vehicle::FuelCO2ePM"
31,"VETravelPerformance","AdjustHhVehicleMpgMpkwh","Set","Vehicle","Year","ElecCO2ePM","","GM/MI","Average grams of carbon-dioxide equivalents produced per mile of travel powered by electricity",FALSE,"Year::Vehicle::ElecCO2ePM"
31,"VETravelPerformance","AdjustHhVehicleMpgMpkwh","Set","Household","Year","IsEcoDrive","","binary","Flag identifying whether drivers in household are eco-drivers",FALSE,"Year::Household::IsEcoDrive"
32,"VETravelPerformance","CalculateVehicleOperatingCost","Inp","Azone","Year","OwnedVehAccessTime","azone_vehicle_access_times.csv","MIN","Average amount of time in minutes required for access to and egress from a household-owned vehicle for a trip",FALSE,"Year::Azone::OwnedVehAccessTime"
32,"VETravelPerformance","CalculateVehicleOperatingCost","Inp","Azone","Year","HighCarSvcAccessTime","azone_vehicle_access_times.csv","MIN","Average amount of time in minutes required for access to and egress from a high service level car service for a trip",FALSE,"Year::Azone::HighCarSvcAccessTime"
32,"VETravelPerformance","CalculateVehicleOperatingCost","Inp","Azone","Year","LowCarSvcAccessTime","azone_vehicle_access_times.csv","MIN","Average amount of time in minutes required for access to and egress from a low service level car service for a trip",FALSE,"Year::Azone::LowCarSvcAccessTime"
32,"VETravelPerformance","CalculateVehicleOperatingCost","Inp","Azone","Year","FuelCost","azone_fuel_power_cost.csv","USD","Retail cost of fuel per gas gallon equivalent in dollars",FALSE,"Year::Azone::FuelCost"
32,"VETravelPerformance","CalculateVehicleOperatingCost","Inp","Azone","Year","PowerCost","azone_fuel_power_cost.csv","USD","Retail cost of electric power per kilowatt-hour in dollars",FALSE,"Year::Azone::PowerCost"
32,"VETravelPerformance","CalculateVehicleOperatingCost","Inp","Azone","Year","FuelTax","azone_veh_use_taxes.csv","USD","Tax per gas gallon equivalent of fuel in dollars",FALSE,"Year::Azone::FuelTax"
32,"VETravelPerformance","CalculateVehicleOperatingCost","Inp","Azone","Year","VmtTax","azone_veh_use_taxes.csv","USD","Tax per mile of vehicle travel in dollars",FALSE,"Year::Azone::VmtTax"
32,"VETravelPerformance","CalculateVehicleOperatingCost","Inp","Azone","Year","PevSurchgTaxProp","azone_veh_use_taxes.csv","proportion","Proportion of equivalent gas tax per mile paid by hydrocarbon fuel consuming vehicles to be charged to plug-in electric vehicles per mile of travel powered by electricity",FALSE,"Year::Azone::PevSurchgTaxProp"
32,"VETravelPerformance","CalculateVehicleOperatingCost","Inp","Region","Year","PropClimateCostPaid","region_prop_externalities_paid.csv","proportion","Proportion of climate change costs paid by users (i.e. ratio of carbon taxes to climate change costs)",FALSE,"Year::Region::PropClimateCostPaid"
32,"VETravelPerformance","CalculateVehicleOperatingCost","Inp","Region","Year","PropOtherExtCostPaid","region_prop_externalities_paid.csv","proportion","Proportion of other social costs paid by users",FALSE,"Year::Region::PropOtherExtCostPaid"
32,"VETravelPerformance","CalculateVehicleOperatingCost","Inp","Region","Year","CO2eCost","region_co2e_costs.csv","USD","Environmental and social cost of CO2e emissions per metric ton",TRUE,"Year::Region::CO2eCost"
32,"VETravelPerformance","CalculateVehicleOperatingCost","Get","Model","Global","ValueOfTime","","USD.2010","",FALSE,"Global::Model::ValueOfTime"
32,"VETravelPerformance","CalculateVehicleOperatingCost","Get","Region","Year","CO2eCost","","USD","",TRUE,"Year::Region::CO2eCost"
32,"VETravelPerformance","CalculateVehicleOperatingCost","Get","Region","Year","PropClimateCostPaid","","proportion","",FALSE,"Year::Region::PropClimateCostPaid"
32,"VETravelPerformance","CalculateVehicleOperatingCost","Get","Region","Year","PropOtherExtCostPaid","","proportion","",FALSE,"Year::Region::PropOtherExtCostPaid"
32,"VETravelPerformance","CalculateVehicleOperatingCost","Get","Region","Year","ExtraVmtTax","","USD","",TRUE,"Year::Region::ExtraVmtTax"
32,"VETravelPerformance","CalculateVehicleOperatingCost","Get","Marea","Year","Marea","","ID","",FALSE,"Year::Marea::Marea"
32,"VETravelPerformance","CalculateVehicleOperatingCost","Get","Marea","Year","LdvAveSpeed","","MI/HR","",FALSE,"Year::Marea::LdvAveSpeed"
32,"VETravelPerformance","CalculateVehicleOperatingCost","Get","Marea","Year","NonUrbanAveSpeed","","MI/HR","",FALSE,"Year::Marea::NonUrbanAveSpeed"
32,"VETravelPerformance","CalculateVehicleOperatingCost","Get","Marea","Year","AveCongPrice","","USD.2010","",FALSE,"Year::Marea::AveCongPrice"
32,"VETravelPerformance","CalculateVehicleOperatingCost","Get","Azone","Year","Azone","","ID","",FALSE,"Year::Azone::Azone"
32,"VETravelPerformance","CalculateVehicleOperatingCost","Get","Azone","Year","OwnedVehAccessTime","","MIN","",FALSE,"Year::Azone::OwnedVehAccessTime"
32,"VETravelPerformance","CalculateVehicleOperatingCost","Get","Azone","Year","HighCarSvcAccessTime","","MIN","",FALSE,"Year::Azone::HighCarSvcAccessTime"
32,"VETravelPerformance","CalculateVehicleOperatingCost","Get","Azone","Year","LowCarSvcAccessTime","","MIN","",FALSE,"Year::Azone::LowCarSvcAccessTime"
32,"VETravelPerformance","CalculateVehicleOperatingCost","Get","Azone","Year","FuelCost","","USD.2010","",FALSE,"Year::Azone::FuelCost"
32,"VETravelPerformance","CalculateVehicleOperatingCost","Get","Azone","Year","PowerCost","","USD.2010","",FALSE,"Year::Azone::PowerCost"
32,"VETravelPerformance","CalculateVehicleOperatingCost","Get","Azone","Year","FuelTax","","USD.2010","",FALSE,"Year::Azone::FuelTax"
32,"VETravelPerformance","CalculateVehicleOperatingCost","Get","Azone","Year","VmtTax","","USD.2010","",FALSE,"Year::Azone::VmtTax"
32,"VETravelPerformance","CalculateVehicleOperatingCost","Get","Azone","Year","PevSurchgTaxProp","","proportion","",FALSE,"Year::Azone::PevSurchgTaxProp"
32,"VETravelPerformance","CalculateVehicleOperatingCost","Get","Azone","Year","HighCarSvcCost","","USD.2010","",FALSE,"Year::Azone::HighCarSvcCost"
32,"VETravelPerformance","CalculateVehicleOperatingCost","Get","Azone","Year","LowCarSvcCost","","USD.2010","",FALSE,"Year::Azone::LowCarSvcCost"
32,"VETravelPerformance","CalculateVehicleOperatingCost","Get","Household","Year","Marea","","ID","",FALSE,"Year::Household::Marea"
32,"VETravelPerformance","CalculateVehicleOperatingCost","Get","Household","Year","Azone","","ID","",FALSE,"Year::Household::Azone"
32,"VETravelPerformance","CalculateVehicleOperatingCost","Get","Household","Year","HhId","","ID","",FALSE,"Year::Household::HhId"
32,"VETravelPerformance","CalculateVehicleOperatingCost","Get","Household","Year","Income","","USD.2010","",FALSE,"Year::Household::Income"
32,"VETravelPerformance","CalculateVehicleOperatingCost","Get","Household","Year","Dvmt","","MI/DAY","",FALSE,"Year::Household::Dvmt"
32,"VETravelPerformance","CalculateVehicleOperatingCost","Get","Household","Year","UrbanDvmtProp","","proportion","",FALSE,"Year::Household::UrbanDvmtProp"
32,"VETravelPerformance","CalculateVehicleOperatingCost","Get","Household","Year","HasPaydIns","","binary","",FALSE,"Year::Household::HasPaydIns"
32,"VETravelPerformance","CalculateVehicleOperatingCost","Get","Household","Year","VehicleTrips","","TRIP/DAY","",FALSE,"Year::Household::VehicleTrips"
32,"VETravelPerformance","CalculateVehicleOperatingCost","Get","Household","Year","OtherParkingCost","","USD.2010","",FALSE,"Year::Household::OtherParkingCost"
32,"VETravelPerformance","CalculateVehicleOperatingCost","Get","Vehicle","Year","Azone","","ID","",FALSE,"Year::Vehicle::Azone"
32,"VETravelPerformance","CalculateVehicleOperatingCost","Get","Vehicle","Year","Marea","","ID","",FALSE,"Year::Vehicle::Marea"
32,"VETravelPerformance","CalculateVehicleOperatingCost","Get","Vehicle","Year","HhId","","ID","",FALSE,"Year::Vehicle::HhId"
32,"VETravelPerformance","CalculateVehicleOperatingCost","Get","Vehicle","Year","VehId","","ID","",FALSE,"Year::Vehicle::VehId"
32,"VETravelPerformance","CalculateVehicleOperatingCost","Get","Vehicle","Year","Type","","category","",FALSE,"Year::Vehicle::Type"
32,"VETravelPerformance","CalculateVehicleOperatingCost","Get","Vehicle","Year","Age","","YR","",FALSE,"Year::Vehicle::Age"
32,"VETravelPerformance","CalculateVehicleOperatingCost","Get","Vehicle","Year","VehicleAccess","","category","",FALSE,"Year::Vehicle::VehicleAccess"
32,"VETravelPerformance","CalculateVehicleOperatingCost","Get","Vehicle","Year","Powertrain","","category","",FALSE,"Year::Vehicle::Powertrain"
32,"VETravelPerformance","CalculateVehicleOperatingCost","Get","Vehicle","Year","GPM","","GGE/MI","",FALSE,"Year::Vehicle::GPM"
32,"VETravelPerformance","CalculateVehicleOperatingCost","Get","Vehicle","Year","KWHPM","","KWH/MI","",FALSE,"Year::Vehicle::KWHPM"
32,"VETravelPerformance","CalculateVehicleOperatingCost","Get","Vehicle","Year","ElecDvmtProp","","proportion","",FALSE,"Year::Vehicle::ElecDvmtProp"
32,"VETravelPerformance","CalculateVehicleOperatingCost","Get","Vehicle","Year","FuelCO2ePM","","GM/MI","",FALSE,"Year::Vehicle::FuelCO2ePM"
32,"VETravelPerformance","CalculateVehicleOperatingCost","Get","Vehicle","Year","ElecCO2ePM","","GM/MI","",FALSE,"Year::Vehicle::ElecCO2ePM"
32,"VETravelPerformance","CalculateVehicleOperatingCost","Get","Vehicle","Year","InsCost","","USD.2010","",FALSE,"Year::Vehicle::InsCost"
32,"VETravelPerformance","CalculateVehicleOperatingCost","Get","Worker","Year","HhId","","ID","",FALSE,"Year::Worker::HhId"
32,"VETravelPerformance","CalculateVehicleOperatingCost","Get","Worker","Year","ParkingCost","","USD.2010","",FALSE,"Year::Worker::ParkingCost"
32,"VETravelPerformance","CalculateVehicleOperatingCost","Get","Worker","Year","IsCashOut","","binary","",FALSE,"Year::Worker::IsCashOut"
32,"VETravelPerformance","CalculateVehicleOperatingCost","Get","Worker","Year","PaysForParking","","binary","",FALSE,"Year::Worker::PaysForParking"
32,"VETravelPerformance","CalculateVehicleOperatingCost","Set","Household","Year","AveVehCostPM","","USD.2010","Average out-of-pocket cost in dollars per mile of vehicle travel",FALSE,"Year::Household::AveVehCostPM"
32,"VETravelPerformance","CalculateVehicleOperatingCost","Set","Household","Year","AveSocEnvCostPM","","USD.2010","Average cost in dollars of the social and environmental impacts per mile of vehicle travel",FALSE,"Year::Household::AveSocEnvCostPM"
32,"VETravelPerformance","CalculateVehicleOperatingCost","Set","Household","Year","AveRoadUseTaxPM","","USD.2010","Average road use taxes in dollars collected per mile of vehicle travel",FALSE,"Year::Household::AveRoadUseTaxPM"
32,"VETravelPerformance","CalculateVehicleOperatingCost","Set","Vehicle","Year","DvmtProp","","proportion","Proportion of household DVMT allocated to vehicle",FALSE,"Year::Vehicle::DvmtProp"
32,"VETravelPerformance","CalculateVehicleOperatingCost","Set","Household","Year","AveGPM","","GGE/MI","Average gasoline equivalent gallons per mile of household vehicle travel",FALSE,"Year::Household::AveGPM"
32,"VETravelPerformance","CalculateVehicleOperatingCost","Set","Household","Year","AveKWHPM","","KWH/MI","Average kilowatt-hours per mile of household vehicle travel",FALSE,"Year::Household::AveKWHPM"
32,"VETravelPerformance","CalculateVehicleOperatingCost","Set","Household","Year","AveCO2ePM","","GM/MI","Average grams of carbon-dioxide equivalents produced per mile of household vehicle travel",FALSE,"Year::Household::AveCO2ePM"
33,"VETravelPerformance","BudgetHouseholdDvmt","Get","Marea","Year","Marea","","ID","",FALSE,"Year::Marea::Marea"
33,"VETravelPerformance","BudgetHouseholdDvmt","Get","Household","Year","Marea","","ID","",FALSE,"Year::Household::Marea"
33,"VETravelPerformance","BudgetHouseholdDvmt","Get","Household","Year","HhId","","ID","",FALSE,"Year::Household::HhId"
33,"VETravelPerformance","BudgetHouseholdDvmt","Get","Household","Year","HhSize","","PRSN","",FALSE,"Year::Household::HhSize"
33,"VETravelPerformance","BudgetHouseholdDvmt","Get","Household","Year","Income","","USD.2001","",FALSE,"Year::Household::Income"
33,"VETravelPerformance","BudgetHouseholdDvmt","Get","Household","Year","LocType","","category","",FALSE,"Year::Household::LocType"
33,"VETravelPerformance","BudgetHouseholdDvmt","Get","Household","Year","AveVehCostPM","","USD.2001","",FALSE,"Year::Household::AveVehCostPM"
33,"VETravelPerformance","BudgetHouseholdDvmt","Get","Household","Year","OwnCostSavings","","USD.2001","",FALSE,"Year::Household::OwnCostSavings"
33,"VETravelPerformance","BudgetHouseholdDvmt","Get","Household","Year","HasPaydIns","","binary","",FALSE,"Year::Household::HasPaydIns"
33,"VETravelPerformance","BudgetHouseholdDvmt","Get","Household","Year","AveGPM","","GGE/MI","",FALSE,"Year::Household::AveGPM"
33,"VETravelPerformance","BudgetHouseholdDvmt","Get","Household","Year","AveKWHPM","","KWH/MI","",FALSE,"Year::Household::AveKWHPM"
33,"VETravelPerformance","BudgetHouseholdDvmt","Get","Household","Year","AveCO2ePM","","GM/MI","",FALSE,"Year::Household::AveCO2ePM"
33,"VETravelPerformance","BudgetHouseholdDvmt","Get","Worker","Year","HhId","","ID","",FALSE,"Year::Worker::HhId"
33,"VETravelPerformance","BudgetHouseholdDvmt","Get","Worker","Year","IsCashOut","","binary","",FALSE,"Year::Worker::IsCashOut"
33,"VETravelPerformance","BudgetHouseholdDvmt","Get","Worker","Year","ParkingCost","","USD.2001","",FALSE,"Year::Worker::ParkingCost"
33,"VETravelPerformance","BudgetHouseholdDvmt","Get","Worker","Year","PaysForParking","","binary","",FALSE,"Year::Worker::PaysForParking"
33,"VETravelPerformance","BudgetHouseholdDvmt","Get","Vehicle","Year","HhId","","ID","",FALSE,"Year::Vehicle::HhId"
33,"VETravelPerformance","BudgetHouseholdDvmt","Get","Vehicle","Year","InsCost","","USD.2001","",FALSE,"Year::Vehicle::InsCost"
33,"VETravelPerformance","BudgetHouseholdDvmt","Set","Household","Year","Dvmt","","MI/DAY","Average daily vehicle miles traveled by the household in autos or light trucks",FALSE,"Year::Household::Dvmt"
33,"VETravelPerformance","BudgetHouseholdDvmt","Set","Marea","Year","UrbanHhDvmt","","MI/DAY","Average daily vehicle miles traveled in autos or light trucks by households residing in urban locations of the Marea",FALSE,"Year::Marea::UrbanHhDvmt"
33,"VETravelPerformance","BudgetHouseholdDvmt","Set","Marea","Year","RuralHhDvmt","","MI/DAY","Average daily vehicle miles traveled in autos or light trucks by households residing in rural locations of the Marea",FALSE,"Year::Marea::RuralHhDvmt"
33,"VETravelPerformance","BudgetHouseholdDvmt","Set","Marea","Year","TownHhDvmt","","MI/DAY","Average daily vehicle miles traveled in autos or light trucks by households residing in town locations of the Marea",FALSE,"Year::Marea::TownHhDvmt"
33,"VETravelPerformance","BudgetHouseholdDvmt","Set","Household","Year","DailyGGE","","GGE/DAY","Gasoline equivalent gallons consumed per day by household vehicle travel",FALSE,"Year::Household::DailyGGE"
33,"VETravelPerformance","BudgetHouseholdDvmt","Set","Household","Year","DailyKWH","","KWH/DAY","Kilowatt-hours consumed per day by household vehicle travel",FALSE,"Year::Household::DailyKWH"
33,"VETravelPerformance","BudgetHouseholdDvmt","Set","Household","Year","DailyCO2e","","GM/DAY","Grams of carbon-dioxide equivalents produced per day by household vehicle travel",FALSE,"Year::Household::DailyCO2e"
33,"VETravelPerformance","BudgetHouseholdDvmt","Set","Household","Year","WalkTrips","","TRIP/YR","Average number of walk trips per year by household members",FALSE,"Year::Household::WalkTrips"
33,"VETravelPerformance","BudgetHouseholdDvmt","Set","Household","Year","BikeTrips","","TRIP/YR","Average number of bicycle trips per year by household members",FALSE,"Year::Household::BikeTrips"
33,"VETravelPerformance","BudgetHouseholdDvmt","Set","Household","Year","TransitTrips","","TRIP/YR","Average number of public transit trips per year by household members",FALSE,"Year::Household::TransitTrips"
33,"VETravelPerformance","BudgetHouseholdDvmt","Set","Household","Year","VehicleTrips","","TRIP/DAY","Average number of vehicle trips per day by household members",FALSE,"Year::Household::VehicleTrips"
34,"VETravelPerformance","BalanceRoadCostsAndRevenues","Inp","Region","Year","RoadBaseModCost","region_road_cost.csv","USD","Average base modernization cost per light-duty vehicle mile traveled (dollars per vehicle mile). Base modernization includes roadway improvements exclusive of addition of lanes.",FALSE,"Year::Region::RoadBaseModCost"
34,"VETravelPerformance","BalanceRoadCostsAndRevenues","Inp","Region","Year","RoadPresOpMaintCost","region_road_cost.csv","USD","Average road preservation, operations, and maintenance cost per light-duty vehicle mile traveled (dollars per vehicle mile).",FALSE,"Year::Region::RoadPresOpMaintCost"
34,"VETravelPerformance","BalanceRoadCostsAndRevenues","Inp","Region","Year","RoadOtherCost","region_road_cost.csv","USD","Average other road cost (e.g. administration, planning, project development, safety) per light-duty vehicle mile traveled (dollars per vehicle mile).",FALSE,"Year::Region::RoadOtherCost"
34,"VETravelPerformance","BalanceRoadCostsAndRevenues","Inp","Region","Year","FwyLnMiCost","region_road_cost.csv","USD","Average cost to build one freeway lane-mile (dollars per lane-mile)",FALSE,"Year::Region::FwyLnMiCost"
34,"VETravelPerformance","BalanceRoadCostsAndRevenues","Inp","Region","Year","ArtLnMiCost","region_road_cost.csv","USD","Average cost to build one arterial lane-mile (dollars per lane-mile)",FALSE,"Year::Region::ArtLnMiCost"
34,"VETravelPerformance","BalanceRoadCostsAndRevenues","Inp","Region","Year","HvyTrkPCE","region_road_cost.csv","ratio","Passenger car equivalent (PCE) for heavy trucks. PCE indicates the number of light-duty vehicles a heavy truck is equivalent to in calculating road capacity.",FALSE,"Year::Region::HvyTrkPCE"
34,"VETravelPerformance","BalanceRoadCostsAndRevenues","Get","Region","Year","RoadBaseModCost","","USD","",FALSE,"Year::Region::RoadBaseModCost"
34,"VETravelPerformance","BalanceRoadCostsAndRevenues","Get","Region","Year","RoadPresOpMaintCost","","USD","",FALSE,"Year::Region::RoadPresOpMaintCost"
34,"VETravelPerformance","BalanceRoadCostsAndRevenues","Get","Region","Year","RoadOtherCost","","USD","",FALSE,"Year::Region::RoadOtherCost"
34,"VETravelPerformance","BalanceRoadCostsAndRevenues","Get","Region","Year","FwyLnMiCost","","USD","",FALSE,"Year::Region::FwyLnMiCost"
34,"VETravelPerformance","BalanceRoadCostsAndRevenues","Get","Region","Year","ArtLnMiCost","","USD","",FALSE,"Year::Region::ArtLnMiCost"
34,"VETravelPerformance","BalanceRoadCostsAndRevenues","Get","Region","Year","HvyTrkPCE","","ratio","",FALSE,"Year::Region::HvyTrkPCE"
34,"VETravelPerformance","BalanceRoadCostsAndRevenues","Get","Region","Year","HvyTrkUrbanDvmt","","MI/DAY","",FALSE,"Year::Region::HvyTrkUrbanDvmt"
34,"VETravelPerformance","BalanceRoadCostsAndRevenues","Get","Region","Year","HvyTrkNonUrbanDvmt","","MI/DAY","",FALSE,"Year::Region::HvyTrkNonUrbanDvmt"
34,"VETravelPerformance","BalanceRoadCostsAndRevenues","Get","Marea","Year","Marea","","ID","",FALSE,"Year::Marea::Marea"
34,"VETravelPerformance","BalanceRoadCostsAndRevenues","Get","Marea","Year","ComSvcUrbanDvmt","","MI/DAY","",FALSE,"Year::Marea::ComSvcUrbanDvmt"
34,"VETravelPerformance","BalanceRoadCostsAndRevenues","Get","Marea","Year","ComSvcTownDvmt","","MI/DAY","",FALSE,"Year::Marea::ComSvcTownDvmt"
34,"VETravelPerformance","BalanceRoadCostsAndRevenues","Get","Marea","Year","ComSvcRuralDvmt","","MI/DAY","",FALSE,"Year::Marea::ComSvcRuralDvmt"
34,"VETravelPerformance","BalanceRoadCostsAndRevenues","Get","Marea","BaseYear","FwyLaneMi","","MI","",FALSE,"BaseYear::Marea::FwyLaneMi"
34,"VETravelPerformance","BalanceRoadCostsAndRevenues","Get","Marea","BaseYear","ArtLaneMi","","MI","",FALSE,"BaseYear::Marea::ArtLaneMi"
34,"VETravelPerformance","BalanceRoadCostsAndRevenues","Get","Marea","Year","FwyLaneMi","","MI","",FALSE,"Year::Marea::FwyLaneMi"
34,"VETravelPerformance","BalanceRoadCostsAndRevenues","Get","Marea","Year","ArtLaneMi","","MI","",FALSE,"Year::Marea::ArtLaneMi"
34,"VETravelPerformance","BalanceRoadCostsAndRevenues","Get","Household","Year","AveRoadUseTaxPM","","USD","",FALSE,"Year::Household::AveRoadUseTaxPM"
34,"VETravelPerformance","BalanceRoadCostsAndRevenues","Get","Household","Year","Dvmt","","MI/DAY","",FALSE,"Year::Household::Dvmt"
34,"VETravelPerformance","BalanceRoadCostsAndRevenues","Set","Region","Year","ExtraVmtTax","","USD","Added vehicle mile tax for household vehicle use to pay for any deficit between road costs and road revenues (dollars per vehicle mile)",FALSE,"Year::Region::ExtraVmtTax"
35,"VETravelPerformance","CalculateComEnergyAndEmissions","Inp","Region","Year","ComSvcLtTrkProp","region_comsvc_lttrk_prop.csv","proportion","Regional proportion of commercial service vehicles that are light trucks",FALSE,"Year::Region::ComSvcLtTrkProp"
35,"VETravelPerformance","CalculateComEnergyAndEmissions","Inp","Region","Year","AveComSvcVehicleAge","region_comsvc_veh_mean_age.csv","YR","Average age of commercial service vehicles",FALSE,"Year::Region::AveComSvcVehicleAge"
35,"VETravelPerformance","CalculateComEnergyAndEmissions","Get","Marea","Year","Marea","","ID","",FALSE,"Year::Marea::Marea"
35,"VETravelPerformance","CalculateComEnergyAndEmissions","Get","Azone","Year","Azone","","ID","",FALSE,"Year::Azone::Azone"
35,"VETravelPerformance","CalculateComEnergyAndEmissions","Get","Azone","Year","Marea","","ID","",FALSE,"Year::Azone::Marea"
35,"VETravelPerformance","CalculateComEnergyAndEmissions","Get","Azone","Year","ElectricityCI","","GM/MJ","",FALSE,"Year::Azone::ElectricityCI"
35,"VETravelPerformance","CalculateComEnergyAndEmissions","Get","Region","Year","HhAutoFuelCI","","GM/MJ","",FALSE,"Year::Region::HhAutoFuelCI"
35,"VETravelPerformance","CalculateComEnergyAndEmissions","Get","Region","Year","HhLtTrkFuelCI","","GM/MJ","",FALSE,"Year::Region::HhLtTrkFuelCI"
35,"VETravelPerformance","CalculateComEnergyAndEmissions","Get","Region","Year","HvyTrkFuelCI","","GM/MJ","",FALSE,"Year::Region::HvyTrkFuelCI"
35,"VETravelPerformance","CalculateComEnergyAndEmissions","Get","Marea","Year","LdvEcoDrive","","proportion","",FALSE,"Year::Marea::LdvEcoDrive"
35,"VETravelPerformance","CalculateComEnergyAndEmissions","Get","Marea","Year","HvyTrkEcoDrive","","proportion","",FALSE,"Year::Marea::HvyTrkEcoDrive"
35,"VETravelPerformance","CalculateComEnergyAndEmissions","Get","Marea","Year","LdvSpdSmoothFactor","","proportion","",FALSE,"Year::Marea::LdvSpdSmoothFactor"
35,"VETravelPerformance","CalculateComEnergyAndEmissions","Get","Marea","Year","HvyTrkSpdSmoothFactor","","proportion","",FALSE,"Year::Marea::HvyTrkSpdSmoothFactor"
35,"VETravelPerformance","CalculateComEnergyAndEmissions","Get","Marea","Year","LdvEcoDriveFactor","","proportion","",FALSE,"Year::Marea::LdvEcoDriveFactor"
35,"VETravelPerformance","CalculateComEnergyAndEmissions","Get","Marea","Year","HvyTrkEcoDriveFactor","","proportion","",FALSE,"Year::Marea::HvyTrkEcoDriveFactor"
35,"VETravelPerformance","CalculateComEnergyAndEmissions","Get","Marea","Year","LdIceFactor","","proportion","",FALSE,"Year::Marea::LdIceFactor"
35,"VETravelPerformance","CalculateComEnergyAndEmissions","Get","Marea","Year","LdHevFactor","","proportion","",FALSE,"Year::Marea::LdHevFactor"
35,"VETravelPerformance","CalculateComEnergyAndEmissions","Get","Marea","Year","LdEvFactor","","proportion","",FALSE,"Year::Marea::LdEvFactor"
35,"VETravelPerformance","CalculateComEnergyAndEmissions","Get","Marea","Year","HdIceFactor","","proportion","",FALSE,"Year::Marea::HdIceFactor"
35,"VETravelPerformance","CalculateComEnergyAndEmissions","Get","Region","Year","HvyTrkUrbanDvmt","","MI/DAY","",FALSE,"Year::Region::HvyTrkUrbanDvmt"
35,"VETravelPerformance","CalculateComEnergyAndEmissions","Get","Region","Year","HvyTrkNonUrbanDvmt","","MI/DAY","",FALSE,"Year::Region::HvyTrkNonUrbanDvmt"
35,"VETravelPerformance","CalculateComEnergyAndEmissions","Get","Marea","Year","ComSvcUrbanDvmt","","MI/DAY","",FALSE,"Year::Marea::ComSvcUrbanDvmt"
35,"VETravelPerformance","CalculateComEnergyAndEmissions","Get","Marea","Year","ComSvcTownDvmt","","MI/DAY","",FALSE,"Year::Marea::ComSvcTownDvmt"
35,"VETravelPerformance","CalculateComEnergyAndEmissions","Get","Marea","Year","ComSvcRuralDvmt","","MI/DAY","",FALSE,"Year::Marea::ComSvcRuralDvmt"
35,"VETravelPerformance","CalculateComEnergyAndEmissions","Get","Marea","Year","HvyTrkUrbanDvmt","","MI/DAY","",FALSE,"Year::Marea::HvyTrkUrbanDvmt"
35,"VETravelPerformance","CalculateComEnergyAndEmissions","Get","Region","Year","ComSvcAutoPropIcev","","proportion","",FALSE,"Year::Region::ComSvcAutoPropIcev"
35,"VETravelPerformance","CalculateComEnergyAndEmissions","Get","Region","Year","ComSvcAutoPropHev","","proportion","",FALSE,"Year::Region::ComSvcAutoPropHev"
35,"VETravelPerformance","CalculateComEnergyAndEmissions","Get","Region","Year","ComSvcAutoPropBev","","proportion","",FALSE,"Year::Region::ComSvcAutoPropBev"
35,"VETravelPerformance","CalculateComEnergyAndEmissions","Get","Region","Year","ComSvcLtTrkPropIcev","","proportion","",FALSE,"Year::Region::ComSvcLtTrkPropIcev"
35,"VETravelPerformance","CalculateComEnergyAndEmissions","Get","Region","Year","ComSvcLtTrkPropHev","","proportion","",FALSE,"Year::Region::ComSvcLtTrkPropHev"
35,"VETravelPerformance","CalculateComEnergyAndEmissions","Get","Region","Year","ComSvcLtTrkPropBev","","proportion","",FALSE,"Year::Region::ComSvcLtTrkPropBev"
35,"VETravelPerformance","CalculateComEnergyAndEmissions","Get","Region","Year","HvyTrkPropIcev","","proportion","",FALSE,"Year::Region::HvyTrkPropIcev"
35,"VETravelPerformance","CalculateComEnergyAndEmissions","Get","Region","Year","HvyTrkPropHev","","proportion","",FALSE,"Year::Region::HvyTrkPropHev"
35,"VETravelPerformance","CalculateComEnergyAndEmissions","Get","Region","Year","HvyTrkPropBev","","proportion","",FALSE,"Year::Region::HvyTrkPropBev"
35,"VETravelPerformance","CalculateComEnergyAndEmissions","Get","Region","Year","ComSvcLtTrkProp","","proportion","",FALSE,"Year::Region::ComSvcLtTrkProp"
35,"VETravelPerformance","CalculateComEnergyAndEmissions","Get","Region","Year","AveComSvcVehicleAge","","YR","",FALSE,"Year::Region::AveComSvcVehicleAge"
35,"VETravelPerformance","CalculateComEnergyAndEmissions","Set","Marea","Year","ComSvcUrbanGGE","","GGE/DAY","Average daily amount of hydrocarbon fuels consumed by commercial service vehicles associated with urban household activity in gas gallon equivalents",FALSE,"Year::Marea::ComSvcUrbanGGE"
35,"VETravelPerformance","CalculateComEnergyAndEmissions","Set","Marea","Year","ComSvcNonUrbanGGE","","GGE/DAY","Average daily amount of hydrocarbon fuels consumed by commercial service vehicles associated with rural and town household activity in gas gallon equivalents",FALSE,"Year::Marea::ComSvcNonUrbanGGE"
35,"VETravelPerformance","CalculateComEnergyAndEmissions","Set","Marea","Year","HvyTrkUrbanGGE","","GGE/DAY","Average daily amount of hydrocarbon fuels consumed by heavy trucks on urbanized area roadways in the Marea in gas gallon equivalents",FALSE,"Year::Marea::HvyTrkUrbanGGE"
35,"VETravelPerformance","CalculateComEnergyAndEmissions","Set","Marea","Year","ComSvcUrbanKWH","","KWH/DAY","Average daily amount of electricity consumed by commercial service vehicles associated with urban household activity in kilowatt-hours",FALSE,"Year::Marea::ComSvcUrbanKWH"
35,"VETravelPerformance","CalculateComEnergyAndEmissions","Set","Marea","Year","ComSvcNonUrbanKWH","","KWH/DAY","Average daily amount of electricity consumed by commercial service vehicles associated with rural and town household activity in kilowatt-hours",FALSE,"Year::Marea::ComSvcNonUrbanKWH"
35,"VETravelPerformance","CalculateComEnergyAndEmissions","Set","Marea","Year","HvyTrkUrbanKWH","","KWH/DAY","Average daily amount of electricity consumed by heavy trucks on urbanized area roadways in the Marea in kilowatt-hours",FALSE,"Year::Marea::HvyTrkUrbanKWH"
35,"VETravelPerformance","CalculateComEnergyAndEmissions","Set","Marea","Year","ComSvcUrbanCO2e","","GM/DAY","Average daily amount of carbon-dioxide equivalents produced by commercial service vehicles associated with urban household activity in grams",FALSE,"Year::Marea::ComSvcUrbanCO2e"
35,"VETravelPerformance","CalculateComEnergyAndEmissions","Set","Marea","Year","ComSvcNonUrbanCO2e","","GM/DAY","Average daily amount of carbon-dioxide equivalents produced by commercial service vehicles associated with rural and town household activity in grams",FALSE,"Year::Marea::ComSvcNonUrbanCO2e"
35,"VETravelPerformance","CalculateComEnergyAndEmissions","Set","Marea","Year","HvyTrkUrbanCO2e","","GM/DAY","Average daily amount of carbon-dioxide equivalents produced by heavy trucks on urbanized area roadways in the Marea in grams",FALSE,"Year::Marea::HvyTrkUrbanCO2e"
35,"VETravelPerformance","CalculateComEnergyAndEmissions","Set","Marea","Year","ComSvcAveUrbanAutoCO2eRate","","GM/MI","Average amount of carbon-dioxide equivalents produced by commercial service automobiles per mile of travel on urbanized area roadways in grams per mile",FALSE,"Year::Marea::ComSvcAveUrbanAutoCO2eRate"
35,"VETravelPerformance","CalculateComEnergyAndEmissions","Set","Marea","Year","ComSvcAveUrbanLtTrkCO2eRate","","GM/MI","Average amount of carbon-dioxide equivalents produced by commercial service light trucks per mile of travel on urbanized area roadways in grams per mile",FALSE,"Year::Marea::ComSvcAveUrbanLtTrkCO2eRate"
35,"VETravelPerformance","CalculateComEnergyAndEmissions","Set","Marea","Year","HvyTrkAveUrbanCO2eRate","","GM/MI","Average amount of carbon-dioxide equivalents produced by heavy trucks per mile of travel on urbanized area roadways in grams per mile",FALSE,"Year::Marea::HvyTrkAveUrbanCO2eRate"
35,"VETravelPerformance","CalculateComEnergyAndEmissions","Set","Region","Year","HvyTrkNonUrbanGGE","","GGE/DAY","Average daily amount of hydrocarbon fuels consumed by heavy trucks on rural and town roadways in the Region in gas gallon equivalents",FALSE,"Year::Region::HvyTrkNonUrbanGGE"
35,"VETravelPerformance","CalculateComEnergyAndEmissions","Set","Region","Year","HvyTrkUrbanGGE","","GGE/DAY","Average daily amount of hydrocarbon fuels consumed by heavy trucks on urbanized area roadways in the Region in gas gallon equivalents",FALSE,"Year::Region::HvyTrkUrbanGGE"
35,"VETravelPerformance","CalculateComEnergyAndEmissions","Set","Region","Year","HvyTrkNonUrbanKWH","","KWH/DAY","Average daily amount of electricity consumed by heavy trucks on rural and town roadways in the Region in kilowatt-hours",FALSE,"Year::Region::HvyTrkNonUrbanKWH"
35,"VETravelPerformance","CalculateComEnergyAndEmissions","Set","Region","Year","HvyTrkUrbanKWH","","KWH/DAY","Average daily amount of electricity consumed by heavy trucks on urbanized area roadways in the Region in kilowatt-hours",FALSE,"Year::Region::HvyTrkUrbanKWH"
35,"VETravelPerformance","CalculateComEnergyAndEmissions","Set","Region","Year","HvyTrkNonUrbanCO2e","","GM/DAY","Average daily amount of carbon-dioxide equivalents produced by heavy trucks on rural and town roadways in the Region in grams",FALSE,"Year::Region::HvyTrkNonUrbanCO2e"
35,"VETravelPerformance","CalculateComEnergyAndEmissions","Set","Region","Year","HvyTrkUrbanCO2e","","GM/DAY","Average daily amount of carbon-dioxide equivalents produced by heavy trucks on urbanized area roadways in the Region in grams",FALSE,"Year::Region::HvyTrkUrbanCO2e"
36,"VETravelPerformance","CalculatePtranEnergyAndEmissions","Get","Marea","Year","Marea","","ID","",FALSE,"Year::Marea::Marea"
36,"VETravelPerformance","CalculatePtranEnergyAndEmissions","Get","Azone","Year","Azone","","ID","",FALSE,"Year::Azone::Azone"
36,"VETravelPerformance","CalculatePtranEnergyAndEmissions","Get","Azone","Year","Marea","","ID","",FALSE,"Year::Azone::Marea"
36,"VETravelPerformance","CalculatePtranEnergyAndEmissions","Get","Azone","Year","ElectricityCI","","GM/MJ","",FALSE,"Year::Azone::ElectricityCI"
36,"VETravelPerformance","CalculatePtranEnergyAndEmissions","Get","Marea","Year","TransitVanFuelCI","","GM/MJ","",FALSE,"Year::Marea::TransitVanFuelCI"
36,"VETravelPerformance","CalculatePtranEnergyAndEmissions","Get","Marea","Year","TransitBusFuelCI","","GM/MJ","",FALSE,"Year::Marea::TransitBusFuelCI"
36,"VETravelPerformance","CalculatePtranEnergyAndEmissions","Get","Marea","Year","TransitRailFuelCI","","GM/MJ","",FALSE,"Year::Marea::TransitRailFuelCI"
36,"VETravelPerformance","CalculatePtranEnergyAndEmissions","Get","Marea","Year","BusDvmt","","MI/DAY","",FALSE,"Year::Marea::BusDvmt"
36,"VETravelPerformance","CalculatePtranEnergyAndEmissions","Get","Marea","Year","RailDvmt","","MI/DAY","",FALSE,"Year::Marea::RailDvmt"
36,"VETravelPerformance","CalculatePtranEnergyAndEmissions","Get","Marea","Year","VanDvmt","","MI/DAY","",FALSE,"Year::Marea::VanDvmt"
36,"VETravelPerformance","CalculatePtranEnergyAndEmissions","Get","Marea","Year","BusPropBev","","proportion","",FALSE,"Year::Marea::BusPropBev"
36,"VETravelPerformance","CalculatePtranEnergyAndEmissions","Get","Marea","Year","BusPropHev","","proportion","",FALSE,"Year::Marea::BusPropHev"
36,"VETravelPerformance","CalculatePtranEnergyAndEmissions","Get","Marea","Year","BusPropIcev","","proportion","",FALSE,"Year::Marea::BusPropIcev"
36,"VETravelPerformance","CalculatePtranEnergyAndEmissions","Get","Marea","Year","RailPropEv","","proportion","",FALSE,"Year::Marea::RailPropEv"
36,"VETravelPerformance","CalculatePtranEnergyAndEmissions","Get","Marea","Year","RailPropHev","","proportion","",FALSE,"Year::Marea::RailPropHev"
36,"VETravelPerformance","CalculatePtranEnergyAndEmissions","Get","Marea","Year","RailPropIcev","","proportion","",FALSE,"Year::Marea::RailPropIcev"
36,"VETravelPerformance","CalculatePtranEnergyAndEmissions","Get","Marea","Year","VanPropBev","","proportion","",FALSE,"Year::Marea::VanPropBev"
36,"VETravelPerformance","CalculatePtranEnergyAndEmissions","Get","Marea","Year","VanPropHev","","proportion","",FALSE,"Year::Marea::VanPropHev"
36,"VETravelPerformance","CalculatePtranEnergyAndEmissions","Get","Marea","Year","VanPropIcev","","proportion","",FALSE,"Year::Marea::VanPropIcev"
36,"VETravelPerformance","CalculatePtranEnergyAndEmissions","Set","Marea","Year","BusGGE","","GGE/DAY","Average daily amount of hydrocarbon fuels consumed by bus transit vehicles in urbanized area in gas gallon equivalents",FALSE,"Year::Marea::BusGGE"
36,"VETravelPerformance","CalculatePtranEnergyAndEmissions","Set","Marea","Year","RailGGE","","GGE/DAY","Average daily amount of hydrocarbon fuels consumed by rail transit vehicles in urbanized area in gas gallon equivalents",FALSE,"Year::Marea::RailGGE"
36,"VETravelPerformance","CalculatePtranEnergyAndEmissions","Set","Marea","Year","VanGGE","","GGE/DAY","Average daily amount of hydrocarbon fuels consumed by van transit vehicles in urbanized area in gas gallon equivalents",FALSE,"Year::Marea::VanGGE"
36,"VETravelPerformance","CalculatePtranEnergyAndEmissions","Set","Marea","Year","BusKWH","","KWH/DAY","Average daily amount of electricity consumed by bus transit vehicles in urbanized area in kilowatt-hours",FALSE,"Year::Marea::BusKWH"
36,"VETravelPerformance","CalculatePtranEnergyAndEmissions","Set","Marea","Year","RailKWH","","KWH/DAY","Average daily amount of electricity consumed by rail transit vehicles in urbanized area in kilowatt-hours",FALSE,"Year::Marea::RailKWH"
36,"VETravelPerformance","CalculatePtranEnergyAndEmissions","Set","Marea","Year","VanKWH","","KWH/DAY","Average daily amount of electricity consumed by van transit vehicles in urbanized area in kilowatt-hours",FALSE,"Year::Marea::VanKWH"
36,"VETravelPerformance","CalculatePtranEnergyAndEmissions","Set","Marea","Year","BusCO2e","","GM/DAY","Average daily amount of carbon-dioxide equivalents produced by bus transit vehicles in urbanized area in grams",FALSE,"Year::Marea::BusCO2e"
36,"VETravelPerformance","CalculatePtranEnergyAndEmissions","Set","Marea","Year","RailCO2e","","GM/DAY","Average daily amount of carbon-dioxide equivalents produced by rail transit vehicles in urbanized area in grams",FALSE,"Year::Marea::RailCO2e"
36,"VETravelPerformance","CalculatePtranEnergyAndEmissions","Set","Marea","Year","VanCO2e","","GM/DAY","Average daily amount of carbon-dioxide equivalents produced by van transit vehicles in urbanized area in grams",FALSE,"Year::Marea::VanCO2e"
36,"VETravelPerformance","CalculatePtranEnergyAndEmissions","Set","Marea","Year","BusCO2eRate","","GM/MI","Average amount of carbon-dioxide equivalents produced by bus transit vehicles per mile of travel in urbanized area in grams per mile",FALSE,"Year::Marea::BusCO2eRate"
36,"VETravelPerformance","CalculatePtranEnergyAndEmissions","Set","Marea","Year","RailCO2eRate","","GM/MI","Average amount of carbon-dioxide equivalents produced by rail transit vehicles per mile of travel in urbanized area in grams per mile",FALSE,"Year::Marea::RailCO2eRate"
36,"VETravelPerformance","CalculatePtranEnergyAndEmissions","Set","Marea","Year","VanCO2eRate","","GM/MI","Average amount of carbon-dioxide equivalents produced by van transit vehicles per mile of travel in urbanized area in grams per mile",FALSE,"Year::Marea::VanCO2eRate"
